created_at,entities,public_metrics,source,id,lang,author_id,text,in_reply_to_user_id,geo
2022-07-11T08:30:03.000Z,"{'hashtags': [{'start': 21, 'end': 29, 'tag': 'DHd2022'}], 'mentions': [{'start': 3, 'end': 12, 'username': 'msiemund', 'id': '61145089'}, {'start': 43, 'end': 56, 'username': 'da_vinci1992', 'id': '751036032439771138'}, {'start': 74, 'end': 84, 'username': 'InFoDiTex', 'id': '1013735388593229824'}]}","{'retweet_count': 3, 'reply_count': 0, 'like_count': 0, 'quote_count': 0}",Twitter Web App,1546411484154044416,de,533163305,RT @msiemund: Unsere #DHd2022-Stipendiatin @da_vinci1992 ist Mittwoch bei @InFoDiTex! Sicher auch f√ºr weitere Teilnehmende von #DHd2022Barc‚Ä¶,,
2022-07-11T08:11:03.000Z,"{'hashtags': [{'start': 56, 'end': 71, 'tag': 'DHd2022Barcamp'}], 'mentions': [{'start': 3, 'end': 12, 'username': 'KWunsch2', 'id': '1085440538726281217'}, {'start': 26, 'end': 39, 'username': 'da_vinci1992', 'id': '751036032439771138'}]}","{'retweet_count': 2, 'reply_count': 0, 'like_count': 0, 'quote_count': 0}",K. White,1546406702790107140,de,987712090071814144,"RT @KWunsch2: Ja,da kommt @da_vinci1992,die ich auf dem #DHd2022Barcamp endlich pers√∂nlich kennenlernen durfte zu uns.Vielleicht haben ja e‚Ä¶",,
2022-07-11T08:08:59.000Z,"{'hashtags': [{'start': 56, 'end': 71, 'tag': 'DHd2022Barcamp'}], 'mentions': [{'start': 3, 'end': 12, 'username': 'KWunsch2', 'id': '1085440538726281217'}, {'start': 26, 'end': 39, 'username': 'da_vinci1992', 'id': '751036032439771138'}]}","{'retweet_count': 2, 'reply_count': 0, 'like_count': 0, 'quote_count': 0}",Darmstadt-Bot,1546406181891178496,de,1478025287245967365,"RT @KWunsch2: Ja,da kommt @da_vinci1992,die ich auf dem #DHd2022Barcamp endlich pers√∂nlich kennenlernen durfte zu uns.Vielleicht haben ja e‚Ä¶",,
2022-07-11T08:08:53.000Z,"{'hashtags': [{'start': 42, 'end': 57, 'tag': 'DHd2022Barcamp'}, {'start': 209, 'end': 227, 'tag': 'digitalhumanities'}, {'start': 265, 'end': 280, 'tag': 'digitalhistory'}], 'mentions': [{'start': 12, 'end': 25, 'username': 'da_vinci1992', 'id': '751036032439771138'}], 'urls': [{'start': 281, 'end': 304, 'url': 'https://t.co/DJAp6Cj6Tp', 'expanded_url': 'https://twitter.com/InFoDiTex/status/1546381475251191810', 'display_url': 'twitter.com/InFoDiTex/stat‚Ä¶'}]}","{'retweet_count': 2, 'reply_count': 0, 'like_count': 2, 'quote_count': 0}",Twitter Web App,1546406159497691136,de,1085440538726281217,"Ja,da kommt @da_vinci1992,die ich auf dem #DHd2022Barcamp endlich pers√∂nlich kennenlernen durfte zu uns.Vielleicht haben ja einige Stipendiat*innen auch Lust zu kommen?Aber auch jede*r andere der/die sich f√ºr #digitalhumanities interessiert ist herzlich eingeladen!#digitalhistory https://t.co/DJAp6Cj6Tp",,
2022-07-11T07:03:04.000Z,"{'hashtags': [{'start': 54, 'end': 69, 'tag': 'dhd2022barcamp'}], 'mentions': [{'start': 3, 'end': 14, 'username': 'DH_Potsdam', 'id': '1001363060567797760'}, {'start': 24, 'end': 32, 'username': 'dhd2022', 'id': '1540253069497229312'}, {'start': 70, 'end': 81, 'username': 'unipotsdam', 'id': '237348098'}, {'start': 83, 'end': 97, 'username': 'FontaneArchiv', 'id': '3238784939'}, {'start': 102, 'end': 112, 'username': 'FHPotsdam', 'id': '531625376'}, {'start': 131, 'end': 139, 'username': 'DHdInfo', 'id': '533163305'}]}","{'retweet_count': 10, 'reply_count': 0, 'like_count': 0, 'quote_count': 0}",TweetDeck,1546389594115022850,de,1066991160533635072,RT @DH_Potsdam: Mit den @dhd2022-StipendiatInnen beim #dhd2022barcamp @unipotsdam  @FontaneArchiv und @FHPotsdam. Gef√∂rdert durch: @DHdInfo‚Ä¶,,
2022-07-11T06:32:02.000Z,"{'hashtags': [{'start': 21, 'end': 29, 'tag': 'DHd2022'}], 'mentions': [{'start': 3, 'end': 12, 'username': 'msiemund', 'id': '61145089'}, {'start': 43, 'end': 56, 'username': 'da_vinci1992', 'id': '751036032439771138'}, {'start': 74, 'end': 84, 'username': 'InFoDiTex', 'id': '1013735388593229824'}]}","{'retweet_count': 3, 'reply_count': 0, 'like_count': 0, 'quote_count': 0}",TweetDeck,1546381786141413376,de,1369644043416789001,RT @msiemund: Unsere #DHd2022-Stipendiatin @da_vinci1992 ist Mittwoch bei @InFoDiTex! Sicher auch f√ºr weitere Teilnehmende von #DHd2022Barc‚Ä¶,,
2022-07-11T06:31:55.000Z,"{'hashtags': [{'start': 21, 'end': 29, 'tag': 'DHd2022'}], 'mentions': [{'start': 3, 'end': 12, 'username': 'msiemund', 'id': '61145089'}, {'start': 43, 'end': 56, 'username': 'da_vinci1992', 'id': '751036032439771138'}, {'start': 74, 'end': 84, 'username': 'InFoDiTex', 'id': '1013735388593229824'}]}","{'retweet_count': 3, 'reply_count': 0, 'like_count': 0, 'quote_count': 0}",Darmstadt-Bot,1546381754482802688,de,1478025287245967365,RT @msiemund: Unsere #DHd2022-Stipendiatin @da_vinci1992 ist Mittwoch bei @InFoDiTex! Sicher auch f√ºr weitere Teilnehmende von #DHd2022Barc‚Ä¶,,
2022-07-11T06:31:49.000Z,"{'hashtags': [{'start': 7, 'end': 15, 'tag': 'DHd2022'}, {'start': 113, 'end': 128, 'tag': 'DHd2022Barcamp'}, {'start': 145, 'end': 148, 'tag': 'DH'}], 'mentions': [{'start': 29, 'end': 42, 'username': 'da_vinci1992', 'id': '751036032439771138'}, {'start': 60, 'end': 70, 'username': 'InFoDiTex', 'id': '1013735388593229824'}], 'urls': [{'start': 149, 'end': 172, 'url': 'https://t.co/922oYDc8zy', 'expanded_url': 'https://twitter.com/InFoDiTex/status/1546381475251191810', 'display_url': 'twitter.com/InFoDiTex/stat‚Ä¶'}]}","{'retweet_count': 3, 'reply_count': 0, 'like_count': 6, 'quote_count': 0}",TweetDeck,1546381732064202754,de,61145089,"Unsere #DHd2022-Stipendiatin @da_vinci1992 ist Mittwoch bei @InFoDiTex! Sicher auch f√ºr weitere Teilnehmende von #DHd2022Barcamp interessant ;) 
#DH https://t.co/922oYDc8zy",,
2022-07-10T20:51:44.000Z,"{'hashtags': [{'start': 54, 'end': 69, 'tag': 'dhd2022barcamp'}], 'mentions': [{'start': 3, 'end': 14, 'username': 'DH_Potsdam', 'id': '1001363060567797760'}, {'start': 24, 'end': 32, 'username': 'dhd2022', 'id': '1540253069497229312'}, {'start': 70, 'end': 81, 'username': 'unipotsdam', 'id': '237348098'}, {'start': 83, 'end': 97, 'username': 'FontaneArchiv', 'id': '3238784939'}, {'start': 102, 'end': 112, 'username': 'FHPotsdam', 'id': '531625376'}, {'start': 131, 'end': 139, 'username': 'DHdInfo', 'id': '533163305'}]}","{'retweet_count': 10, 'reply_count': 0, 'like_count': 0, 'quote_count': 0}",Twitter Web App,1546235747702898690,de,1462410693471354883,RT @DH_Potsdam: Mit den @dhd2022-StipendiatInnen beim #dhd2022barcamp @unipotsdam  @FontaneArchiv und @FHPotsdam. Gef√∂rdert durch: @DHdInfo‚Ä¶,,
2022-07-10T15:12:22.000Z,"{'hashtags': [{'start': 76, 'end': 91, 'tag': 'dhd2022barcamp'}], 'mentions': [{'start': 3, 'end': 11, 'username': 'UWuttke', 'id': '1421172834'}, {'start': 102, 'end': 115, 'username': 'Guido_Scherp', 'id': '726901323363409920'}]}","{'retweet_count': 1, 'reply_count': 0, 'like_count': 0, 'quote_count': 0}",OpenSciTalk,1546150342240477185,de,1252313225011449856,"RT @UWuttke: Den zweiten Tag gibt es einen kurzen Ignition Talk vom unserem #dhd2022barcamp Moderator @Guido_Scherp, nat√ºrlich zu #openscie‚Ä¶",,
2022-07-10T15:10:00.000Z,"{'hashtags': [{'start': 17, 'end': 32, 'tag': 'DHd2022Barcamp'}, {'start': 58, 'end': 66, 'tag': 'DHd2022'}, {'start': 186, 'end': 206, 'tag': 'Klassenfahrtfeeling'}], 'mentions': [{'start': 92, 'end': 105, 'username': 'DHdKonferenz', 'id': '724702270890323968'}]}","{'retweet_count': 0, 'reply_count': 0, 'like_count': 2, 'quote_count': 0}",Twitter for iPhone,1546149746271813632,de,61145089,"Der Tag nach dem #DHd2022Barcamp ist wie der Tag nach der #DHd2022 und nach jeder besuchten @DHdKonferenz - es f√ºhlt sich seltsam leer an. Vormittags beim Brunch gings noch, aber jetzt‚Ä¶ #Klassenfahrtfeeling",,
2022-07-10T15:06:53.000Z,"{'hashtags': [{'start': 31, 'end': 46, 'tag': 'DHd2022Barcamp'}], 'mentions': [{'start': 0, 'end': 8, 'username': 'UWuttke', 'id': '1421172834'}], 'urls': [{'start': 47, 'end': 70, 'url': 'https://t.co/4rNelu9uXk', 'expanded_url': 'https://twitter.com/UWuttke/status/1546148079216246787', 'display_url': 'twitter.com/UWuttke/status‚Ä¶'}]}","{'retweet_count': 0, 'reply_count': 0, 'like_count': 1, 'quote_count': 0}",Twitter for iPhone,1546148962578710528,de,61145089,@UWuttke hat mich gespottet ;) #DHd2022Barcamp https://t.co/4rNelu9uXk,1421172834,
2022-07-10T15:03:25.000Z,"{'hashtags': [{'start': 63, 'end': 78, 'tag': 'dhd2022barcamp'}, {'start': 117, 'end': 129, 'tag': 'openscience'}, {'start': 212, 'end': 230, 'tag': 'digitalhumanities'}], 'mentions': [{'start': 89, 'end': 102, 'username': 'Guido_Scherp', 'id': '726901323363409920'}], 'urls': [{'start': 267, 'end': 290, 'url': 'https://t.co/ix6aY34MUC', 'expanded_url': 'https://twitter.com/UWuttke/status/1546148088758374402/photo/1', 'display_url': 'pic.twitter.com/ix6aY34MUC', 'media_key': '3_1546144773983043584'}]}","{'retweet_count': 1, 'reply_count': 1, 'like_count': 4, 'quote_count': 0}",Twitter Web App,1546148088758374402,de,1421172834,"Den zweiten Tag gibt es einen kurzen Ignition Talk vom unserem #dhd2022barcamp Moderator @Guido_Scherp, nat√ºrlich zu #openscience, what else? Und schon entspannt sich eine angeregte Diskussion wie wir das in den #digitalhumanities sehen. Das hat schon mal gez√ºndet üòâ https://t.co/ix6aY34MUC",1421172834,
2022-07-10T14:56:02.000Z,"{'hashtags': [{'start': 42, 'end': 57, 'tag': 'DHd2022barcamp'}], 'mentions': [{'start': 3, 'end': 10, 'username': 'dh_mug', 'id': '1241384074113146882'}]}","{'retweet_count': 1, 'reply_count': 0, 'like_count': 0, 'quote_count': 0}",K. White,1546146234431414277,de,987712090071814144,"RT @dh_mug: Schaut, was wir gestern beim  #DHd2022barcamp in der freien Wildbahn gespottet haben: 
Eine scheue, seltene Konferenztasse! üëÄüòç‚Ä¶",,
2022-07-10T14:41:25.000Z,"{'hashtags': [{'start': 30, 'end': 45, 'tag': 'DHd2022barcamp'}, {'start': 151, 'end': 169, 'tag': 'digitalhumanities'}, {'start': 194, 'end': 202, 'tag': 'Dhd2022'}, {'start': 203, 'end': 212, 'tag': 'DHinaMug'}], 'urls': [{'start': 213, 'end': 236, 'url': 'https://t.co/cB5EsJAIK5', 'expanded_url': 'https://twitter.com/dh_mug/status/1546142555984781312/photo/1', 'display_url': 'pic.twitter.com/cB5EsJAIK5', 'media_key': '3_1546140750114705408'}]}","{'retweet_count': 1, 'reply_count': 1, 'like_count': 4, 'quote_count': 0}",TweetDeck,1546142555984781312,de,1241384074113146882,"Schaut, was wir gestern beim  #DHd2022barcamp in der freien Wildbahn gespottet haben: 
Eine scheue, seltene Konferenztasse! üëÄüòç
Wo verstecken sich Eure #digitalhumanities Tassen eigentlich so? üòâ #Dhd2022 #DHinaMug https://t.co/cB5EsJAIK5",,
2022-07-10T14:24:23.000Z,"{'hashtags': [{'start': 128, 'end': 143, 'tag': 'dhd2022barcamp'}], 'mentions': [{'start': 102, 'end': 110, 'username': 'dhd2022', 'id': '1540253069497229312'}], 'urls': [{'start': 159, 'end': 182, 'url': 'https://t.co/LUWCv3Zpen', 'expanded_url': 'https://twitter.com/DH_Potsdam/status/1546138269611589635/photo/1', 'display_url': 'pic.twitter.com/LUWCv3Zpen', 'media_key': '3_1546136631127719945'}, {'start': 159, 'end': 182, 'url': 'https://t.co/LUWCv3Zpen', 'expanded_url': 'https://twitter.com/DH_Potsdam/status/1546138269611589635/photo/1', 'display_url': 'pic.twitter.com/LUWCv3Zpen', 'media_key': '3_1546136631123615745'}]}","{'retweet_count': 0, 'reply_count': 0, 'like_count': 12, 'quote_count': 0}",Twitter Web App,1546138269611589635,de,1001363060567797760,"Wie viele Interpretationen l√§sst ein Komma zu? Das erforschen wir im Schloss 'Sans, Souci.' üôÉ mit den @dhd2022-StipendiatInnen 
#dhd2022barcamp Kulturprogramm https://t.co/LUWCv3Zpen",,
2022-07-10T11:16:33.000Z,"{'hashtags': [{'start': 46, 'end': 61, 'tag': 'dhd2022barcamp'}], 'urls': [{'start': 74, 'end': 97, 'url': 'https://t.co/t3daMBzne7', 'expanded_url': 'https://twitter.com/UWuttke/status/1546082280963284993', 'display_url': 'twitter.com/UWuttke/status‚Ä¶'}]}","{'retweet_count': 0, 'reply_count': 0, 'like_count': 2, 'quote_count': 0}",TweetDeck,1546090998106816513,de,1421172834,Da hat das Handy ein paar Zeichen vom Hashtag #dhd2022barcamp gefressen üëÄ https://t.co/t3daMBzne7,,
2022-07-10T06:26:17.000Z,"{'hashtags': [{'start': 23, 'end': 38, 'tag': 'DHd2022Barcamp'}]}","{'retweet_count': 0, 'reply_count': 0, 'like_count': 5, 'quote_count': 0}",Twitter for iPhone,1546017948288024577,de,1455075374602375168,"2022-07-09
üçÄ spannende #DHd2022Barcamp Sessions
üçÄ viele interessante und motivierende Gespr√§che
üçÄ ganz viel Potsdam üíï
üçÄ ruhiges Fr√ºhst√ºck 
üçÄ geselliger Abend",,
2022-07-10T00:04:49.000Z,"{'hashtags': [{'start': 56, 'end': 71, 'tag': 'dhd2022barcamp'}], 'annotations': [{'start': 129, 'end': 134, 'probability': 0.9539, 'type': 'Person', 'normalized_text': 'Martin'}], 'mentions': [{'start': 3, 'end': 14, 'username': 'kou_tianyi', 'id': '744608441692528642'}, {'start': 103, 'end': 116, 'username': 'dieaxtimhaus', 'id': '1182215111152472065'}, {'start': 117, 'end': 127, 'username': 'danya_sko', 'id': '570590827'}]}","{'retweet_count': 1, 'reply_count': 0, 'like_count': 0, 'quote_count': 0}",Twitter for Android,1545921950890983425,en,1182215111152472065,"RT @kou_tianyi: Had a great discussion session today at #dhd2022barcamp on the topic ‚ÄúCooking DH‚Äù with @dieaxtimhaus @danya_sko, Martin, an‚Ä¶",,
2022-07-09T23:51:06.000Z,"{'hashtags': [{'start': 40, 'end': 55, 'tag': 'dhd2022barcamp'}], 'annotations': [{'start': 113, 'end': 118, 'probability': 0.8994, 'type': 'Person', 'normalized_text': 'Martin'}, {'start': 125, 'end': 129, 'probability': 0.9501, 'type': 'Person', 'normalized_text': 'Felix'}], 'mentions': [{'start': 87, 'end': 100, 'username': 'dieaxtimhaus', 'id': '1182215111152472065'}, {'start': 101, 'end': 111, 'username': 'danya_sko', 'id': '570590827'}, {'start': 168, 'end': 179, 'username': 'unipotsdam', 'id': '237348098'}, {'start': 180, 'end': 190, 'username': 'FHPotsdam', 'id': '531625376'}, {'start': 191, 'end': 205, 'username': 'FontaneArchiv', 'id': '3238784939'}], 'urls': [{'start': 206, 'end': 229, 'url': 'https://t.co/GbjKzrupLe', 'expanded_url': 'https://twitter.com/kou_tianyi/status/1545918500119756800/photo/1', 'display_url': 'pic.twitter.com/GbjKzrupLe', 'media_key': '3_1545918495233384449'}]}","{'retweet_count': 1, 'reply_count': 0, 'like_count': 13, 'quote_count': 0}",Twitter for iPhone,1545918500119756800,en,744608441692528642,"Had a great discussion session today at #dhd2022barcamp on the topic ‚ÄúCooking DH‚Äù with @dieaxtimhaus @danya_sko, Martin, and Felix! Nochmal Danke an alle Organisatorenüéâ@unipotsdam @FHPotsdam @FontaneArchiv https://t.co/GbjKzrupLe",,
2022-07-09T23:29:20.000Z,"{'hashtags': [{'start': 54, 'end': 69, 'tag': 'dhd2022barcamp'}], 'mentions': [{'start': 3, 'end': 14, 'username': 'DH_Potsdam', 'id': '1001363060567797760'}, {'start': 24, 'end': 32, 'username': 'dhd2022', 'id': '1540253069497229312'}, {'start': 70, 'end': 81, 'username': 'unipotsdam', 'id': '237348098'}, {'start': 83, 'end': 97, 'username': 'FontaneArchiv', 'id': '3238784939'}, {'start': 102, 'end': 112, 'username': 'FHPotsdam', 'id': '531625376'}, {'start': 131, 'end': 139, 'username': 'DHdInfo', 'id': '533163305'}]}","{'retweet_count': 10, 'reply_count': 0, 'like_count': 0, 'quote_count': 0}",Twitter for iPhone,1545913018936135681,de,744608441692528642,RT @DH_Potsdam: Mit den @dhd2022-StipendiatInnen beim #dhd2022barcamp @unipotsdam  @FontaneArchiv und @FHPotsdam. Gef√∂rdert durch: @DHdInfo‚Ä¶,,
2022-07-09T21:49:09.000Z,"{'hashtags': [{'start': 89, 'end': 104, 'tag': 'DHd2022Barcamp'}], 'mentions': [{'start': 187, 'end': 198, 'username': 'DH_Potsdam', 'id': '1001363060567797760'}, {'start': 199, 'end': 213, 'username': 'FontaneArchiv', 'id': '3238784939'}, {'start': 214, 'end': 224, 'username': 'FHPotsdam', 'id': '531625376'}]}","{'retweet_count': 0, 'reply_count': 0, 'like_count': 13, 'quote_count': 0}",Twitter for iPhone,1545887809776586753,de,61145089,"V√∂llig m√ºde und entnervt von lauten Menschen in der Bahn, aber √ºbergl√ºcklich bin ich vom #DHd2022Barcamp wieder zur√ºck zuhause. Es waren tolle 2 Tage, die viel zu schnell vergingen. üíï an @DH_Potsdam @FontaneArchiv @FHPotsdam  und alle Stipendiengeber! Und nun gute Nacht üò¥",,
2022-07-09T17:55:21.000Z,"{'hashtags': [{'start': 48, 'end': 56, 'tag': 'dhd2022'}, {'start': 127, 'end': 142, 'tag': 'dhd2022barcamp'}], 'urls': [{'start': 143, 'end': 166, 'url': 'https://t.co/wBLdyM5kgz', 'expanded_url': 'https://twitter.com/UWuttke/status/1545828971195076609/photo/1', 'display_url': 'pic.twitter.com/wBLdyM5kgz', 'media_key': '3_1545828958117273600'}]}","{'retweet_count': 0, 'reply_count': 0, 'like_count': 26, 'quote_count': 0}",Twitter for Android,1545828971195076609,de,1421172834,Erinnert Ihr Euch noch an die Postersession der #dhd2022 in Gather? Heute waren wir live da üòÅü§ì! Haben wir auch getanzt? Tja... #dhd2022barcamp https://t.co/wBLdyM5kgz,,
2022-07-09T14:57:21.000Z,"{'hashtags': [{'start': 22, 'end': 37, 'tag': 'DHd2022Barcamp'}], 'mentions': [{'start': 3, 'end': 16, 'username': 'Guido_Scherp', 'id': '726901323363409920'}]}","{'retweet_count': 1, 'reply_count': 0, 'like_count': 0, 'quote_count': 0}",OpenSciTalk,1545784177815076865,de,1252313225011449856,"RT @Guido_Scherp: Das #DHd2022Barcamp war ein kleines aber sehr feines Barcamp, mit hoch motivierten Teilnehmenden. Die Moderation hat rich‚Ä¶",,
2022-07-09T14:57:06.000Z,"{'hashtags': [{'start': 4, 'end': 19, 'tag': 'DHd2022Barcamp'}, {'start': 168, 'end': 180, 'tag': 'OpenScience'}], 'urls': [{'start': 191, 'end': 214, 'url': 'https://t.co/EYW6KVisjA', 'expanded_url': 'https://twitter.com/DH_Potsdam/status/1545676135287197697', 'display_url': 'twitter.com/DH_Potsdam/sta‚Ä¶'}]}","{'retweet_count': 1, 'reply_count': 1, 'like_count': 11, 'quote_count': 0}",Twitter for Android,1545784114875359236,de,726901323363409920,"Das #DHd2022Barcamp war ein kleines aber sehr feines Barcamp, mit hoch motivierten Teilnehmenden. Die Moderation hat richtig Spa√ü gemacht, und ich durfte auch was √ºber #OpenScience erz√§hlenüôÇ https://t.co/EYW6KVisjA",,
2022-07-09T14:41:23.000Z,"{'hashtags': [{'start': 49, 'end': 64, 'tag': 'DHd2022Barcamp'}], 'mentions': [{'start': 3, 'end': 10, 'username': 'guhr_s', 'id': '1109726132734214144'}]}","{'retweet_count': 1, 'reply_count': 0, 'like_count': 0, 'quote_count': 0}",Darmstadt-Bot,1545780159013421058,de,1478025287245967365,RT @guhr_s: Schlossparkf√ºhrung Sanssouci mit dem #DHd2022Barcamp - fast so sch√∂n wie Darmstadt! Ich bin begeistert! ‚ú® https://t.co/Lp0GxiC0‚Ä¶,,
2022-07-09T14:41:18.000Z,"{'hashtags': [{'start': 37, 'end': 52, 'tag': 'DHd2022Barcamp'}], 'urls': [{'start': 106, 'end': 129, 'url': 'https://t.co/Lp0GxiC0RV', 'expanded_url': 'https://twitter.com/guhr_s/status/1545780135982497792/photo/1', 'display_url': 'pic.twitter.com/Lp0GxiC0RV', 'media_key': '3_1545779818414891008'}, {'start': 106, 'end': 129, 'url': 'https://t.co/Lp0GxiC0RV', 'expanded_url': 'https://twitter.com/guhr_s/status/1545780135982497792/photo/1', 'display_url': 'pic.twitter.com/Lp0GxiC0RV', 'media_key': '3_1545779818419175433'}, {'start': 106, 'end': 129, 'url': 'https://t.co/Lp0GxiC0RV', 'expanded_url': 'https://twitter.com/guhr_s/status/1545780135982497792/photo/1', 'display_url': 'pic.twitter.com/Lp0GxiC0RV', 'media_key': '3_1545779818406596609'}]}","{'retweet_count': 1, 'reply_count': 2, 'like_count': 13, 'quote_count': 0}",Twitter for iPhone,1545780135982497792,de,1109726132734214144,Schlossparkf√ºhrung Sanssouci mit dem #DHd2022Barcamp - fast so sch√∂n wie Darmstadt! Ich bin begeistert! ‚ú® https://t.co/Lp0GxiC0RV,,
2022-07-09T14:28:35.000Z,"{'hashtags': [{'start': 104, 'end': 119, 'tag': 'DHd2022Barcamp'}], 'urls': [{'start': 120, 'end': 143, 'url': 'https://t.co/xMHvoBxv5a', 'expanded_url': 'https://twitter.com/msiemund/status/1545776937888530434/photo/1', 'display_url': 'pic.twitter.com/xMHvoBxv5a', 'media_key': '3_1545776918477393924'}, {'start': 120, 'end': 143, 'url': 'https://t.co/xMHvoBxv5a', 'expanded_url': 'https://twitter.com/msiemund/status/1545776937888530434/photo/1', 'display_url': 'pic.twitter.com/xMHvoBxv5a', 'media_key': '3_1545776918494167042'}, {'start': 120, 'end': 143, 'url': 'https://t.co/xMHvoBxv5a', 'expanded_url': 'https://twitter.com/msiemund/status/1545776937888530434/photo/1', 'display_url': 'pic.twitter.com/xMHvoBxv5a', 'media_key': '3_1545776918481575938'}, {'start': 120, 'end': 143, 'url': 'https://t.co/xMHvoBxv5a', 'expanded_url': 'https://twitter.com/msiemund/status/1545776937888530434/photo/1', 'display_url': 'pic.twitter.com/xMHvoBxv5a', 'media_key': '3_1545776918770995201'}]}","{'retweet_count': 0, 'reply_count': 1, 'like_count': 4, 'quote_count': 0}",Twitter for iPhone,1545776937888530434,de,61145089,Nach dem wissenschaftlichen Programm und Mittagessen wandeln wir jetzt durch Potsdam und Park Sanssouci #DHd2022Barcamp https://t.co/xMHvoBxv5a,61145089,
2022-07-09T10:16:58.000Z,"{'hashtags': [{'start': 54, 'end': 69, 'tag': 'dhd2022barcamp'}], 'mentions': [{'start': 3, 'end': 14, 'username': 'DH_Potsdam', 'id': '1001363060567797760'}, {'start': 24, 'end': 32, 'username': 'dhd2022', 'id': '1540253069497229312'}, {'start': 70, 'end': 81, 'username': 'unipotsdam', 'id': '237348098'}, {'start': 83, 'end': 97, 'username': 'FontaneArchiv', 'id': '3238784939'}, {'start': 102, 'end': 112, 'username': 'FHPotsdam', 'id': '531625376'}, {'start': 131, 'end': 139, 'username': 'DHdInfo', 'id': '533163305'}]}","{'retweet_count': 10, 'reply_count': 0, 'like_count': 0, 'quote_count': 0}",Twitter for iPhone,1545713613188599810,de,61145089,RT @DH_Potsdam: Mit den @dhd2022-StipendiatInnen beim #dhd2022barcamp @unipotsdam  @FontaneArchiv und @FHPotsdam. Gef√∂rdert durch: @DHdInfo‚Ä¶,,
2022-07-09T09:29:32.000Z,"{'hashtags': [{'start': 54, 'end': 69, 'tag': 'dhd2022barcamp'}], 'mentions': [{'start': 3, 'end': 14, 'username': 'DH_Potsdam', 'id': '1001363060567797760'}, {'start': 24, 'end': 32, 'username': 'dhd2022', 'id': '1540253069497229312'}, {'start': 70, 'end': 81, 'username': 'unipotsdam', 'id': '237348098'}, {'start': 83, 'end': 97, 'username': 'FontaneArchiv', 'id': '3238784939'}, {'start': 102, 'end': 112, 'username': 'FHPotsdam', 'id': '531625376'}, {'start': 131, 'end': 139, 'username': 'DHdInfo', 'id': '533163305'}]}","{'retweet_count': 10, 'reply_count': 0, 'like_count': 0, 'quote_count': 0}",Twitter for Android,1545701676954406915,de,1331572835886788608,RT @DH_Potsdam: Mit den @dhd2022-StipendiatInnen beim #dhd2022barcamp @unipotsdam  @FontaneArchiv und @FHPotsdam. Gef√∂rdert durch: @DHdInfo‚Ä¶,,
2022-07-09T09:26:35.000Z,"{'hashtags': [{'start': 54, 'end': 69, 'tag': 'dhd2022barcamp'}], 'mentions': [{'start': 3, 'end': 14, 'username': 'DH_Potsdam', 'id': '1001363060567797760'}, {'start': 24, 'end': 32, 'username': 'dhd2022', 'id': '1540253069497229312'}, {'start': 70, 'end': 81, 'username': 'unipotsdam', 'id': '237348098'}, {'start': 83, 'end': 97, 'username': 'FontaneArchiv', 'id': '3238784939'}, {'start': 102, 'end': 112, 'username': 'FHPotsdam', 'id': '531625376'}, {'start': 131, 'end': 139, 'username': 'DHdInfo', 'id': '533163305'}]}","{'retweet_count': 10, 'reply_count': 0, 'like_count': 0, 'quote_count': 0}",Twitter Web App,1545700936949145600,de,400024012,RT @DH_Potsdam: Mit den @dhd2022-StipendiatInnen beim #dhd2022barcamp @unipotsdam  @FontaneArchiv und @FHPotsdam. Gef√∂rdert durch: @DHdInfo‚Ä¶,,
2022-07-09T09:19:41.000Z,"{'hashtags': [{'start': 34, 'end': 49, 'tag': 'dhd2022barcamp'}, {'start': 78, 'end': 86, 'tag': 'dhd2022'}], 'mentions': [{'start': 3, 'end': 11, 'username': 'UWuttke', 'id': '1421172834'}, {'start': 87, 'end': 97, 'username': 'FHPotsdam', 'id': '531625376'}, {'start': 102, 'end': 113, 'username': 'unipotsdam', 'id': '237348098'}, {'start': 114, 'end': 122, 'username': 'DHdInfo', 'id': '533163305'}]}","{'retweet_count': 1, 'reply_count': 0, 'like_count': 0, 'quote_count': 0}",Twitter Web App,1545699200628920320,de,533163305,RT @UWuttke: Bewegter Auftakt zum #dhd2022barcamp mit den Stipendiatinnen der #dhd2022 @FHPotsdam und @unipotsdam @DHdInfo! Im Zentrum steh‚Ä¶,,
2022-07-09T09:18:32.000Z,"{'hashtags': [{'start': 54, 'end': 69, 'tag': 'dhd2022barcamp'}], 'mentions': [{'start': 3, 'end': 14, 'username': 'DH_Potsdam', 'id': '1001363060567797760'}, {'start': 24, 'end': 32, 'username': 'dhd2022', 'id': '1540253069497229312'}, {'start': 70, 'end': 81, 'username': 'unipotsdam', 'id': '237348098'}, {'start': 83, 'end': 97, 'username': 'FontaneArchiv', 'id': '3238784939'}, {'start': 102, 'end': 112, 'username': 'FHPotsdam', 'id': '531625376'}, {'start': 131, 'end': 139, 'username': 'DHdInfo', 'id': '533163305'}]}","{'retweet_count': 10, 'reply_count': 0, 'like_count': 0, 'quote_count': 0}",Twitter Web App,1545698908596224001,de,533163305,RT @DH_Potsdam: Mit den @dhd2022-StipendiatInnen beim #dhd2022barcamp @unipotsdam  @FontaneArchiv und @FHPotsdam. Gef√∂rdert durch: @DHdInfo‚Ä¶,,
2022-07-09T09:06:58.000Z,"{'hashtags': [{'start': 89, 'end': 104, 'tag': 'DHd2022Barcamp'}, {'start': 105, 'end': 113, 'tag': 'DHd2022'}]}","{'retweet_count': 0, 'reply_count': 1, 'like_count': 1, 'quote_count': 0}",Twitter for iPhone,1545695999506743296,de,61145089,"In unserer ersten Session sprechen wir dar√ºber, wer eigentlich √ºber Kulturdaten spricht. #DHd2022Barcamp #DHd2022",61145089,
2022-07-09T08:00:12.000Z,"{'hashtags': [{'start': 54, 'end': 69, 'tag': 'dhd2022barcamp'}], 'mentions': [{'start': 3, 'end': 14, 'username': 'DH_Potsdam', 'id': '1001363060567797760'}, {'start': 24, 'end': 32, 'username': 'dhd2022', 'id': '1540253069497229312'}, {'start': 70, 'end': 81, 'username': 'unipotsdam', 'id': '237348098'}, {'start': 83, 'end': 97, 'username': 'FontaneArchiv', 'id': '3238784939'}, {'start': 102, 'end': 112, 'username': 'FHPotsdam', 'id': '531625376'}, {'start': 131, 'end': 139, 'username': 'DHdInfo', 'id': '533163305'}]}","{'retweet_count': 10, 'reply_count': 0, 'like_count': 0, 'quote_count': 0}",Twitter Web App,1545679196390924289,de,61762488,RT @DH_Potsdam: Mit den @dhd2022-StipendiatInnen beim #dhd2022barcamp @unipotsdam  @FontaneArchiv und @FHPotsdam. Gef√∂rdert durch: @DHdInfo‚Ä¶,,
2022-07-09T07:59:06.000Z,"{'hashtags': [{'start': 54, 'end': 69, 'tag': 'dhd2022barcamp'}], 'mentions': [{'start': 3, 'end': 14, 'username': 'DH_Potsdam', 'id': '1001363060567797760'}, {'start': 24, 'end': 32, 'username': 'dhd2022', 'id': '1540253069497229312'}, {'start': 70, 'end': 81, 'username': 'unipotsdam', 'id': '237348098'}, {'start': 83, 'end': 97, 'username': 'FontaneArchiv', 'id': '3238784939'}, {'start': 102, 'end': 112, 'username': 'FHPotsdam', 'id': '531625376'}, {'start': 131, 'end': 139, 'username': 'DHdInfo', 'id': '533163305'}]}","{'retweet_count': 10, 'reply_count': 0, 'like_count': 0, 'quote_count': 0}",Twitter for iPhone,1545678918975463424,de,48298968,RT @DH_Potsdam: Mit den @dhd2022-StipendiatInnen beim #dhd2022barcamp @unipotsdam  @FontaneArchiv und @FHPotsdam. Gef√∂rdert durch: @DHdInfo‚Ä¶,,
2022-07-09T07:52:34.000Z,"{'hashtags': [{'start': 54, 'end': 69, 'tag': 'dhd2022barcamp'}], 'mentions': [{'start': 3, 'end': 14, 'username': 'DH_Potsdam', 'id': '1001363060567797760'}, {'start': 24, 'end': 32, 'username': 'dhd2022', 'id': '1540253069497229312'}, {'start': 70, 'end': 81, 'username': 'unipotsdam', 'id': '237348098'}, {'start': 83, 'end': 97, 'username': 'FontaneArchiv', 'id': '3238784939'}, {'start': 102, 'end': 112, 'username': 'FHPotsdam', 'id': '531625376'}, {'start': 131, 'end': 139, 'username': 'DHdInfo', 'id': '533163305'}]}","{'retweet_count': 10, 'reply_count': 0, 'like_count': 0, 'quote_count': 0}",Twitter for iPhone,1545677277844983808,de,3238784939,RT @DH_Potsdam: Mit den @dhd2022-StipendiatInnen beim #dhd2022barcamp @unipotsdam  @FontaneArchiv und @FHPotsdam. Gef√∂rdert durch: @DHdInfo‚Ä¶,,
2022-07-09T07:48:02.000Z,"{'hashtags': [{'start': 38, 'end': 53, 'tag': 'dhd2022barcamp'}], 'mentions': [{'start': 8, 'end': 16, 'username': 'dhd2022', 'id': '1540253069497229312'}, {'start': 54, 'end': 65, 'username': 'unipotsdam', 'id': '237348098'}, {'start': 67, 'end': 81, 'username': 'FontaneArchiv', 'id': '3238784939'}, {'start': 86, 'end': 96, 'username': 'FHPotsdam', 'id': '531625376'}, {'start': 115, 'end': 123, 'username': 'DHdInfo', 'id': '533163305'}, {'start': 124, 'end': 137, 'username': 'nfdi4culture', 'id': '1066991160533635072'}, {'start': 138, 'end': 153, 'username': 'HenkelStiftung', 'id': '361110547'}, {'start': 154, 'end': 165, 'username': 'unipotsdam', 'id': '237348098'}], 'urls': [{'start': 261, 'end': 284, 'url': 'https://t.co/SbQVF8JwgI', 'expanded_url': 'https://twitter.com/DH_Potsdam/status/1545676135287197697/photo/1', 'display_url': 'pic.twitter.com/SbQVF8JwgI', 'media_key': '3_1545676112574955520'}, {'start': 285, 'end': 308, 'url': 'https://t.co/kj9JGOjFo0', 'expanded_url': 'https://twitter.com/unipotsdam/status/1545356502780854274', 'display_url': 'twitter.com/unipotsdam/sta‚Ä¶'}]}","{'retweet_count': 10, 'reply_count': 0, 'like_count': 46, 'quote_count': 2}",Twitter for iPhone,1545676135287197697,de,1001363060567797760,Mit den @dhd2022-StipendiatInnen beim #dhd2022barcamp @unipotsdam  @FontaneArchiv und @FHPotsdam. Gef√∂rdert durch: @DHdInfo @nfdi4culture @HenkelStiftung @unipotsdam und den ‚ÄûVerein f√ºr Geistes- und Kulturwissenschaftliche Forschungsinfrastrukturen‚Äú. Danke üôè ü§© https://t.co/SbQVF8JwgI https://t.co/kj9JGOjFo0,,
2022-07-09T07:30:16.000Z,"{'hashtags': [{'start': 39, 'end': 54, 'tag': 'DHd2022Barcamp'}, {'start': 108, 'end': 120, 'tag': 'OpenScience'}, {'start': 121, 'end': 134, 'tag': 'OpenResearch'}], 'mentions': [{'start': 3, 'end': 12, 'username': 'msiemund', 'id': '61145089'}, {'start': 84, 'end': 97, 'username': 'Guido_Scherp', 'id': '726901323363409920'}]}","{'retweet_count': 2, 'reply_count': 0, 'like_count': 0, 'quote_count': 0}",Twitter for Android,1545671665610379265,de,720219120067821568,RT @msiemund: Wir starten in Tag 2 vom #DHd2022Barcamp. Mit einem Ignition Talk von @Guido_Scherp zum Thema #OpenScience #OpenResearch #Ope‚Ä¶,,
2022-07-09T07:27:21.000Z,"{'hashtags': [{'start': 39, 'end': 54, 'tag': 'DHd2022Barcamp'}, {'start': 108, 'end': 120, 'tag': 'OpenScience'}, {'start': 121, 'end': 134, 'tag': 'OpenResearch'}], 'mentions': [{'start': 3, 'end': 12, 'username': 'msiemund', 'id': '61145089'}, {'start': 84, 'end': 97, 'username': 'Guido_Scherp', 'id': '726901323363409920'}]}","{'retweet_count': 2, 'reply_count': 0, 'like_count': 0, 'quote_count': 0}",OpenSciTalk,1545670930382393347,de,1252313225011449856,RT @msiemund: Wir starten in Tag 2 vom #DHd2022Barcamp. Mit einem Ignition Talk von @Guido_Scherp zum Thema #OpenScience #OpenResearch #Ope‚Ä¶,,
2022-07-09T07:27:11.000Z,"{'hashtags': [{'start': 25, 'end': 40, 'tag': 'DHd2022Barcamp'}, {'start': 94, 'end': 106, 'tag': 'OpenScience'}, {'start': 107, 'end': 120, 'tag': 'OpenResearch'}, {'start': 121, 'end': 136, 'tag': 'OpenHumanities'}, {'start': 137, 'end': 145, 'tag': 'DHd2022'}, {'start': 146, 'end': 149, 'tag': 'DH'}], 'mentions': [{'start': 70, 'end': 83, 'username': 'Guido_Scherp', 'id': '726901323363409920'}], 'urls': [{'start': 150, 'end': 173, 'url': 'https://t.co/NTeQmKWEUG', 'expanded_url': 'https://twitter.com/msiemund/status/1545670889341173760/photo/1', 'display_url': 'pic.twitter.com/NTeQmKWEUG', 'media_key': '3_1545670826577608704'}]}","{'retweet_count': 2, 'reply_count': 1, 'like_count': 19, 'quote_count': 0}",Twitter for iPhone,1545670889341173760,de,61145089,Wir starten in Tag 2 vom #DHd2022Barcamp. Mit einem Ignition Talk von @Guido_Scherp zum Thema #OpenScience #OpenResearch #OpenHumanities #DHd2022 #DH https://t.co/NTeQmKWEUG,,
2022-07-09T07:25:14.000Z,"{'hashtags': [{'start': 46, 'end': 61, 'tag': 'DHd2022Barcamp'}], 'mentions': [{'start': 3, 'end': 12, 'username': 'msiemund', 'id': '61145089'}, {'start': 14, 'end': 26, 'username': 'ASchieberle', 'id': '1176226848239476739'}, {'start': 105, 'end': 117, 'username': 'peertrilcke', 'id': '48298968'}]}","{'retweet_count': 4, 'reply_count': 0, 'like_count': 0, 'quote_count': 0}",Twitter for iPad,1545670398746005506,de,52349626,"RT @msiemund: @ASchieberle Ganz zum Start des #DHd2022Barcamp gab es √ºbrigens einen ganz tollen Talk von @peertrilcke zu ""Hacking Humanitie‚Ä¶",,
2022-07-09T07:12:45.000Z,"{'hashtags': [{'start': 46, 'end': 61, 'tag': 'DHd2022Barcamp'}], 'mentions': [{'start': 3, 'end': 12, 'username': 'msiemund', 'id': '61145089'}, {'start': 14, 'end': 26, 'username': 'ASchieberle', 'id': '1176226848239476739'}, {'start': 105, 'end': 117, 'username': 'peertrilcke', 'id': '48298968'}]}","{'retweet_count': 4, 'reply_count': 0, 'like_count': 0, 'quote_count': 0}",Twitter for iPhone,1545667255421345792,de,48298968,"RT @msiemund: @ASchieberle Ganz zum Start des #DHd2022Barcamp gab es √ºbrigens einen ganz tollen Talk von @peertrilcke zu ""Hacking Humanitie‚Ä¶",,
2022-07-09T06:49:24.000Z,"{'hashtags': [{'start': 25, 'end': 40, 'tag': 'dhd2022barcamp'}], 'mentions': [{'start': 74, 'end': 84, 'username': 'FHPotsdam', 'id': '531625376'}], 'urls': [{'start': 88, 'end': 111, 'url': 'https://t.co/ptlBY4ClX4', 'expanded_url': 'https://twitter.com/UWuttke/status/1545661378513571841/photo/1', 'display_url': 'pic.twitter.com/ptlBY4ClX4', 'media_key': '3_1545661306472120320'}, {'start': 88, 'end': 111, 'url': 'https://t.co/ptlBY4ClX4', 'expanded_url': 'https://twitter.com/UWuttke/status/1545661378513571841/photo/1', 'display_url': 'pic.twitter.com/ptlBY4ClX4', 'media_key': '3_1545661331612880897'}, {'start': 88, 'end': 111, 'url': 'https://t.co/ptlBY4ClX4', 'expanded_url': 'https://twitter.com/UWuttke/status/1545661378513571841/photo/1', 'display_url': 'pic.twitter.com/ptlBY4ClX4', 'media_key': '3_1545661362243878912'}]}","{'retweet_count': 0, 'reply_count': 0, 'like_count': 15, 'quote_count': 0}",Twitter for Android,1545661378513571841,de,1421172834,Gem√ºtlicher Ausklang des #dhd2022barcamp im studentischen Caf√© Casino der @FHPotsdam üçªü•∞ https://t.co/ptlBY4ClX4,1421172834,
2022-07-09T06:49:04.000Z,"{'hashtags': [{'start': 105, 'end': 120, 'tag': 'dhd2022barcamp'}], 'mentions': [{'start': 212, 'end': 222, 'username': 'FHPotsdam', 'id': '531625376'}, {'start': 227, 'end': 241, 'username': 'FontaneArchiv', 'id': '3238784939'}], 'urls': [{'start': 242, 'end': 265, 'url': 'https://t.co/ZgtrxXBIc7', 'expanded_url': 'https://twitter.com/UWuttke/status/1545661294195474436/photo/1', 'display_url': 'pic.twitter.com/ZgtrxXBIc7', 'media_key': '3_1545661280295469056'}]}","{'retweet_count': 0, 'reply_count': 1, 'like_count': 10, 'quote_count': 0}",Twitter for Android,1545661294195474436,de,1421172834,"Am Ende des Tages fassten wir erste Gedanken zusammen, Reflexion und interdisziplin√§rer Austausch wie im #dhd2022barcamp standen hoch im Kurs!üí°Da ist noch ganz viel Musik drinnen f√ºr den Umzug am zweiten Tag vom @FHPotsdam zum @FontaneArchiv https://t.co/ZgtrxXBIc7",1421172834,
2022-07-09T06:48:58.000Z,"{'hashtags': [{'start': 93, 'end': 108, 'tag': 'dhd2022barcamp'}], 'urls': [{'start': 109, 'end': 132, 'url': 'https://t.co/mvMTXPN0OL', 'expanded_url': 'https://twitter.com/UWuttke/status/1545661268383748097/photo/1', 'display_url': 'pic.twitter.com/mvMTXPN0OL', 'media_key': '3_1545661252017561600'}]}","{'retweet_count': 0, 'reply_count': 1, 'like_count': 4, 'quote_count': 0}",Twitter for Android,1545661268383748097,de,1421172834,"Nach der Sessionsammlung im Plenum ging es in die ersten Sessions, wo heiss diskutiert wurde #dhd2022barcamp https://t.co/mvMTXPN0OL",1421172834,
2022-07-09T06:48:51.000Z,"{'hashtags': [{'start': 21, 'end': 36, 'tag': 'dhd2022barcamp'}, {'start': 65, 'end': 73, 'tag': 'dhd2022'}], 'mentions': [{'start': 74, 'end': 84, 'username': 'FHPotsdam', 'id': '531625376'}, {'start': 89, 'end': 100, 'username': 'unipotsdam', 'id': '237348098'}, {'start': 101, 'end': 109, 'username': 'DHdInfo', 'id': '533163305'}], 'urls': [{'start': 204, 'end': 227, 'url': 'https://t.co/KWbB9UzSjl', 'expanded_url': 'https://tinyurl.com/y7ky7xdw', 'display_url': 'tinyurl.com/y7ky7xdw', 'images': [{'url': 'https://pbs.twimg.com/news_img/1545661250939535363/Me38-_Bp?format=jpg&name=orig', 'width': 1200, 'height': 674}, {'url': 'https://pbs.twimg.com/news_img/1545661250939535363/Me38-_Bp?format=jpg&name=150x150', 'width': 150, 'height': 150}], 'status': 200, 'title': 'Bacamp zu Kulturdaten initiiert: Barcamp ‚ÄúKulturdaten in Datenkulturen: Digital Humanities als kulturelle Praxis‚Äù mit den Stipendiat*innen der DHd2022 | FH Potsdam', 'description': 'Unter dem Motto ‚ÄûDHd2022: Kulturen des digitalen Ged√§chtnisses‚Äú fand im M√§rz 2022 die 8. Jahrestagung des Verbands ‚ÄûDigital Humanities im deutschsprachigen Raum‚Äú mit mehr als 1000 Wissenschaftler*innen in Potsdam statt. Aufgrund der pandemiebedingten Virtualisierung der von der Universit√§t Potsdam und der Fachhochschule Potsdam ausgerichteten Konferenz, nehmen Anfang Juli 2022 die wissenschaftlichen Stipendiat*innen das Thema der Konferenz in einem zweit√§gigen Barcamp auf unkonventionelle Weise vor Ort', 'unwound_url': 'https://www.fh-potsdam.de/aktuelles-medien/aktuelles/bacamp-zu-kulturdaten-initiiert'}, {'start': 228, 'end': 251, 'url': 'https://t.co/YKbWb1Z9YX', 'expanded_url': 'https://twitter.com/UWuttke/status/1545661241615597571/photo/1', 'display_url': 'pic.twitter.com/YKbWb1Z9YX', 'media_key': '3_1545661219964690435'}]}","{'retweet_count': 1, 'reply_count': 2, 'like_count': 23, 'quote_count': 0}",Twitter for Android,1545661241615597571,de,1421172834,Bewegter Auftakt zum #dhd2022barcamp mit den Stipendiatinnen der #dhd2022 @FHPotsdam und @unipotsdam @DHdInfo! Im Zentrum steht der interdisziplin√§ren Austausch um digitale Datenkulturen und Kulturdaten! https://t.co/KWbB9UzSjl https://t.co/YKbWb1Z9YX,,
2022-07-09T06:22:58.000Z,"{'hashtags': [{'start': 46, 'end': 61, 'tag': 'DHd2022Barcamp'}], 'mentions': [{'start': 3, 'end': 12, 'username': 'msiemund', 'id': '61145089'}, {'start': 14, 'end': 26, 'username': 'ASchieberle', 'id': '1176226848239476739'}, {'start': 105, 'end': 117, 'username': 'peertrilcke', 'id': '48298968'}]}","{'retweet_count': 4, 'reply_count': 0, 'like_count': 0, 'quote_count': 0}",Twitter Web App,1545654728461352960,de,1033096416263122946,"RT @msiemund: @ASchieberle Ganz zum Start des #DHd2022Barcamp gab es √ºbrigens einen ganz tollen Talk von @peertrilcke zu ""Hacking Humanitie‚Ä¶",,
2022-07-09T04:51:01.000Z,"{'hashtags': [{'start': 46, 'end': 61, 'tag': 'DHd2022Barcamp'}], 'mentions': [{'start': 3, 'end': 12, 'username': 'msiemund', 'id': '61145089'}, {'start': 14, 'end': 26, 'username': 'ASchieberle', 'id': '1176226848239476739'}, {'start': 105, 'end': 117, 'username': 'peertrilcke', 'id': '48298968'}]}","{'retweet_count': 4, 'reply_count': 0, 'like_count': 0, 'quote_count': 0}",Twitter Web App,1545631587399868421,de,14937469,"RT @msiemund: @ASchieberle Ganz zum Start des #DHd2022Barcamp gab es √ºbrigens einen ganz tollen Talk von @peertrilcke zu ""Hacking Humanitie‚Ä¶",,
2022-07-08T22:03:09.000Z,"{'hashtags': [{'start': 33, 'end': 48, 'tag': 'DHd2022Barcamp'}, {'start': 70, 'end': 79, 'tag': 'WissKomm'}]}","{'retweet_count': 0, 'reply_count': 0, 'like_count': 5, 'quote_count': 0}",Twitter for iPhone,1545528946158145537,de,1455075374602375168,"2022-07-08
üçÄ ruhiges Fr√ºhst√ºck
üçÄ #DHd2022Barcamp Tag 1
üçÄ Session √ºber #WissKomm moderiert
üçÄ tolle Gespr√§che mit Kolleg:innen
üçÄ sch√∂ner Abend
üçÄ ein total liebes und tolles Abschiedsgeschenk bekommen",,
2022-07-08T21:47:49.000Z,"{'hashtags': [{'start': 175, 'end': 190, 'tag': 'DHd2022Barcamp'}, {'start': 191, 'end': 199, 'tag': 'DHd2022'}], 'mentions': [{'start': 0, 'end': 12, 'username': 'ASchieberle', 'id': '1176226848239476739'}, {'start': 13, 'end': 25, 'username': 'peertrilcke', 'id': '48298968'}, {'start': 26, 'end': 40, 'username': 'FontaneArchiv', 'id': '3238784939'}, {'start': 145, 'end': 157, 'username': 'peertrilcke', 'id': '48298968'}, {'start': 160, 'end': 174, 'username': 'FontaneArchiv', 'id': '3238784939'}, {'start': 246, 'end': 259, 'username': 'Guido_Scherp', 'id': '726901323363409920'}], 'urls': [{'start': 80, 'end': 103, 'url': 'https://t.co/1wdDxoc48D', 'expanded_url': 'https://www.fontanearchiv.de/blogbeitrag/2018/12/20/schmetterlingsschlacht?cHash=98fbcfc72c86e4327a1b47b521c53d41', 'display_url': 'fontanearchiv.de/blogbeitrag/20‚Ä¶'}]}","{'retweet_count': 0, 'reply_count': 0, 'like_count': 4, 'quote_count': 0}",TweetDeck,1545525085603250180,de,61145089,"@ASchieberle @peertrilcke @FontaneArchiv Aber auch die l√§ngsten Hapax legomena (https://t.co/1wdDxoc48D) (Gibt es die Folien eigentlich irgendwo @peertrilcke?) @FontaneArchiv #DHd2022Barcamp #DHd2022

Wunderbar moderiert hat das Barcamp √ºbrigens @Guido_Scherp - und morgen geht es noch weiter! Und jetzt gute Nacht!",61145089,
2022-07-08T21:44:55.000Z,"{'hashtags': [{'start': 32, 'end': 47, 'tag': 'DHd2022Barcamp'}], 'mentions': [{'start': 0, 'end': 12, 'username': 'ASchieberle', 'id': '1176226848239476739'}, {'start': 91, 'end': 103, 'username': 'peertrilcke', 'id': '48298968'}, {'start': 194, 'end': 208, 'username': 'FontaneArchiv', 'id': '3238784939'}], 'urls': [{'start': 267, 'end': 290, 'url': 'https://t.co/T7EBZwfsY6', 'expanded_url': 'https://uclab.fh-potsdam.de/ff/', 'display_url': 'uclab.fh-potsdam.de/ff/'}]}","{'retweet_count': 4, 'reply_count': 1, 'like_count': 15, 'quote_count': 0}",TweetDeck,1545524355773472769,de,61145089,"@ASchieberle Ganz zum Start des #DHd2022Barcamp gab es √ºbrigens einen ganz tollen Talk von @peertrilcke zu ""Hacking Humanities"". Dort haben wir uns u.a. Visualisierungen vom gesamten Inhalt des @FontaneArchiv angeschaut, Visualisierungen von Fontanes Handbibliothek (https://t.co/T7EBZwfsY6).",61145089,
2022-07-08T21:35:51.000Z,"{'hashtags': [{'start': 253, 'end': 268, 'tag': 'DHd2022Barcamp'}, {'start': 269, 'end': 277, 'tag': 'DHd2022'}], 'mentions': [{'start': 185, 'end': 197, 'username': 'ASchieberle', 'id': '1176226848239476739'}]}","{'retweet_count': 0, 'reply_count': 1, 'like_count': 4, 'quote_count': 0}",TweetDeck,1545522073753247745,de,61145089,"In der zweiten Session haben wir in ""meinem"" Raum √ºber Software als Kulturdaten geredet. Hier hab ich ein paar Gedanken bekommen zum Thema, was man f√ºr Software (oder Computerspiele CC @ASchieberle) eigentlich noch alles archivieren m√ºsste oder k√∂nnte. #DHd2022Barcamp #DHd2022",61145089,
2022-07-08T21:33:41.000Z,"{'hashtags': [{'start': 55, 'end': 64, 'tag': 'WissKomm'}, {'start': 187, 'end': 194, 'tag': 'CitSci'}, {'start': 207, 'end': 225, 'tag': 'CitizenHumanities'}, {'start': 226, 'end': 229, 'tag': 'DH'}, {'start': 230, 'end': 245, 'tag': 'DHd2022Barcamp'}]}","{'retweet_count': 0, 'reply_count': 1, 'like_count': 2, 'quote_count': 0}",TweetDeck,1545521527222898701,de,61145089,"sozialen Medien, Evaluationskriterien und Outcomes von #WissKomm. Zu vielen interessanten Fragen, die zu Beginn aufgeworfen wurden, sind wir leider gar nicht mehr gekommen (u.a. Trust in #CitSci Projekten). #CitizenHumanities #DH #DHd2022Barcamp",61145089,
2022-07-08T21:31:43.000Z,"{'hashtags': [{'start': 47, 'end': 55, 'tag': 'DHd2022'}, {'start': 60, 'end': 75, 'tag': 'DHd2022Barcamp'}, {'start': 200, 'end': 209, 'tag': 'WissKomm'}, {'start': 242, 'end': 257, 'tag': 'CitizenScience'}, {'start': 259, 'end': 268, 'tag': 'WissKomm'}]}","{'retweet_count': 0, 'reply_count': 1, 'like_count': 5, 'quote_count': 0}",TweetDeck,1545521032773177345,de,61145089,"M√ºde im Hotel angekommen nach einem Tag voller #DHd2022 und #DHd2022Barcamp. Morgen dann hoffentlich ohne Kopfschmerzen. Ich freu mich auf weitere spannende Sessions. Heute im ersten Slot direkt mein #WissKomm-Thema untergebracht. Es ging um #CitizenScience, #WissKomm in den",,
2022-07-08T21:26:46.000Z,"{'hashtags': [{'start': 61, 'end': 76, 'tag': 'dhd2022barcamp'}], 'mentions': [{'start': 3, 'end': 10, 'username': 'DH_BUW', 'id': '1242356665200062464'}, {'start': 93, 'end': 100, 'username': 'DH_BUW', 'id': '1242356665200062464'}]}","{'retweet_count': 1, 'reply_count': 0, 'like_count': 0, 'quote_count': 0}",Twitter for Android,1545519788805525505,de,74977676,RT @DH_BUW: Stabiles Setup zum Abschluss des ersten Tages im #dhd2022barcamp in Potsdam. Das @DH_BUW-Team ist satt und zufrieden. Morgen ge‚Ä¶,,
2022-07-08T17:48:29.000Z,"{'hashtags': [{'start': 49, 'end': 64, 'tag': 'dhd2022barcamp'}, {'start': 181, 'end': 193, 'tag': 'Kulturdaten'}], 'mentions': [{'start': 81, 'end': 88, 'username': 'DH_BUW', 'id': '1242356665200062464'}], 'urls': [{'start': 195, 'end': 218, 'url': 'https://t.co/hzbTaQ0bSh', 'expanded_url': 'https://twitter.com/DH_BUW/status/1545464856383455237/photo/1', 'display_url': 'pic.twitter.com/hzbTaQ0bSh', 'media_key': '3_1545464847156092931'}]}","{'retweet_count': 1, 'reply_count': 1, 'like_count': 34, 'quote_count': 0}",Twitter for Android,1545464856383455237,de,1242356665200062464,Stabiles Setup zum Abschluss des ersten Tages im #dhd2022barcamp in Potsdam. Das @DH_BUW-Team ist satt und zufrieden. Morgen geht es weiter mit 6 tollen weiteren Sessions zum Thema #Kulturdaten. https://t.co/hzbTaQ0bSh,,{'place_id': '07d9db2fcd082000'}
2022-07-08T16:12:06.000Z,"{'hashtags': [{'start': 91, 'end': 106, 'tag': 'DHd2022Barcamp'}], 'mentions': [{'start': 107, 'end': 118, 'username': 'DH_Potsdam', 'id': '1001363060567797760'}]}","{'retweet_count': 0, 'reply_count': 0, 'like_count': 7, 'quote_count': 0}",Twitter for iPhone,1545440599574302721,de,48298968,Zum Ende des Tages geht es jetzt noch √ºber die Verkulturdatung der Welt üò≥ - danach: Pizza! #DHd2022Barcamp @DH_Potsdam,48298968,
2022-07-08T16:11:22.000Z,"{'hashtags': [{'start': 83, 'end': 98, 'tag': 'DHd2022Barcamp'}], 'urls': [{'start': 215, 'end': 238, 'url': 'https://t.co/Czi7REtUyN', 'expanded_url': 'https://twitter.com/JulianHaeussler/status/1545440416299884544/photo/1', 'display_url': 'pic.twitter.com/Czi7REtUyN', 'media_key': '3_1545440413963673609'}]}","{'retweet_count': 0, 'reply_count': 0, 'like_count': 24, 'quote_count': 0}",Twitter for Android,1545440416299884544,de,3730700735,"Und da hab' ich tats√§chlich eine Session unter dem Titel ""Kulturdaten finden"" beim #DHd2022Barcamp abgehalten. Vielen Dank an die Teilnehmenden f√ºr den spannenden Austausch √ºber Erfahrungen mit digitalen Korpora! üòä https://t.co/Czi7REtUyN",,
2022-07-08T08:05:46.000Z,"{'hashtags': [{'start': 20, 'end': 35, 'tag': 'DHd2022Barcamp'}, {'start': 92, 'end': 100, 'tag': 'DHd2022'}]}","{'retweet_count': 0, 'reply_count': 0, 'like_count': 18, 'quote_count': 1}",Twitter Web App,1545318208965689350,de,3730700735,Bin auf dem Weg zum #DHd2022Barcamp f√ºr den Austausch mit anderen Stipendiat*innen √ºber die #DHd2022. Wird bestimmt super! üòå,,
