entities,lang,author_id,source,public_metrics,in_reply_to_user_id,created_at,id,text
"{'urls': [{'start': 87, 'end': 110, 'url': 'https://t.co/84WCDHM2As', 'expanded_url': 'https://www.dhd2022.de', 'display_url': 'dhd2022.de'}], 'hashtags': [{'start': 111, 'end': 119, 'tag': 'DHd2022'}]}",de,810555350944464896,Twitter Web App,"{'retweet_count': 0, 'reply_count': 0, 'like_count': 0, 'quote_count': 0}",8.105553509444649e+17,2022-02-23T10:46:13.000Z,1496436224738869250,immer noch anmelden. Bis zum 28.2. ist die Anmeldung offen. Alle Infos und Links unter https://t.co/84WCDHM2As #DHd2022 [23/23]
"{'hashtags': [{'start': 236, 'end': 244, 'tag': 'DHd2022'}]}",de,810555350944464896,Twitter Web App,"{'retweet_count': 0, 'reply_count': 1, 'like_count': 0, 'quote_count': 0}",8.105553509444649e+17,2022-02-23T10:46:12.000Z,1496436223291936772,unseren Gather-Raum. Auch das Kulturelle soll nicht zu kurz kommen. Neben dem Abendevent im Barberini bieten wir zwei Stadtf√ºhrungen durch Potsdam (mit der PMSG) an sowie zwei F√ºhrungen durch das Zentrum f√ºr Computerspielforschung. Zur #DHd2022 kann man sich √ºbrigens [22/n]
"{'mentions': [{'start': 3, 'end': 11, 'username': 'UWuttke', 'id': '1421172834'}, {'start': 41, 'end': 53, 'username': 'etothczifra', 'id': '818132133776592898'}, {'start': 118, 'end': 133, 'username': 'openmethods_dh', 'id': '911193053641273344'}]}",en,911193053641273344,TweetDeck,"{'retweet_count': 1, 'reply_count': 0, 'like_count': 0, 'quote_count': 0}",,2022-02-23T10:41:32.000Z,1496435048454709249,RT @UWuttke: üì¢ Thursday the one and only @etothczifra will go on the stage of the virtual poster slam and present our @openmethods_dh poste‚Ä¶
"{'mentions': [{'start': 3, 'end': 11, 'username': 'UWuttke', 'id': '1421172834'}, {'start': 49, 'end': 57, 'username': 'dhd2022', 'id': '724702270890323968'}]}",de,1421172834,TweetDeck,"{'retweet_count': 5, 'reply_count': 0, 'like_count': 0, 'quote_count': 0}",,2022-02-23T10:35:59.000Z,1496433653022437376,RT @UWuttke: Ich freue mich schon riesig auf die @dhd2022! Hinter den Kulissen werde ich nat√ºrlich die ganze Zeit mit dabei sein und erwart‚Ä¶
"{'hashtags': [{'start': 73, 'end': 81, 'tag': 'DHd2022'}], 'mentions': [{'start': 3, 'end': 12, 'username': 'msiemund', 'id': '61145089'}]}",de,391926702,TweetDeck,"{'retweet_count': 1, 'reply_count': 0, 'like_count': 0, 'quote_count': 0}",,2022-02-23T09:55:27.000Z,1496423448666587140,"RT @msiemund: Vorm Schlafengehen noch ein kleiner Werbeblock f√ºr ""meine"" #DHd2022! Am Donnerstag gibt es den Posterslam (in Zoom) und die P‚Ä¶"
"{'urls': [{'start': 259, 'end': 282, 'url': 'https://t.co/9gSDdbqafl', 'expanded_url': 'https://www.conftool.net/dhd2022/index.php?page=browseSessions&form_session=326&presentations=show', 'display_url': 'conftool.net/dhd2022/index.‚Ä¶'}], 'hashtags': [{'start': 248, 'end': 256, 'tag': 'DHd2022'}], 'mentions': [{'start': 0, 'end': 10, 'username': 'DHTheorie', 'id': '1326163951529447429'}]}",de,61145089,TweetDeck,"{'retweet_count': 0, 'reply_count': 0, 'like_count': 3, 'quote_count': 0}",61145089.0,2022-02-23T08:13:14.000Z,1496397726761824259,"@DHTheorie Auf keinen Fall verpassen sollte man unser Montag-Abend-Event: das Casino Royale! Wir treffen uns auf Gather zum quatschen, spielen, singen, trinken. In der Konferenztasche ist vll auch das ein oder andere f√ºr diesen Abend enthalten ;) 
#DHd2022 

https://t.co/9gSDdbqafl"
"{'urls': [{'start': 227, 'end': 250, 'url': 'https://t.co/4nxd5pZtOJ', 'expanded_url': 'https://www.conftool.net/dhd2022/index.php?page=browseSessions&form_date=2022-03-10&presentations=show', 'display_url': 'conftool.net/dhd2022/index.‚Ä¶'}], 'hashtags': [{'start': 145, 'end': 149, 'tag': 'DHd'}, {'start': 216, 'end': 224, 'tag': 'DHd2022'}], 'mentions': [{'start': 199, 'end': 209, 'username': 'DHTheorie', 'id': '1326163951529447429'}]}",de,61145089,TweetDeck,"{'retweet_count': 0, 'reply_count': 1, 'like_count': 2, 'quote_count': 0}",61145089.0,2022-02-23T08:10:40.000Z,1496397080583348224,"Programmpunkte, die ich auch auf jeden Fall mitnehmen werde: AG-Sitzungen! Am Donnerstag tagen um 13:30 und 14:30 f√ºr jeweils eine Stunde einige #DHd-AGs. Ich werde zum Digitalen Publizieren und zur @DHTheorie gehen #DHd2022 

https://t.co/4nxd5pZtOJ"
"{'mentions': [{'start': 3, 'end': 12, 'username': 'msiemund', 'id': '61145089'}, {'start': 14, 'end': 27, 'username': 'LBriefarchiv', 'id': '2778343994'}]}",de,882997351522217985,Twitter Web App,"{'retweet_count': 1, 'reply_count': 0, 'like_count': 0, 'quote_count': 0}",,2022-02-23T07:54:15.000Z,1496392948359090178,RT @msiemund: @LBriefarchiv kreativ werden. Der Slam findet am Donnerstag 10.3. ab 16:00 statt. Bei der Postersession ab 17.30 bin ich dann‚Ä¶
"{'mentions': [{'start': 3, 'end': 11, 'username': 'UWuttke', 'id': '1421172834'}, {'start': 110, 'end': 117, 'username': 'guhr_s', 'id': '1109726132734214144'}, {'start': 118, 'end': 128, 'username': 'steyer_ti', 'id': '3063951376'}]}",de,1280957126031138816,Twitter Web App,"{'retweet_count': 5, 'reply_count': 0, 'like_count': 0, 'quote_count': 0}",,2022-02-23T07:00:28.000Z,1496379414338281474,"RT @UWuttke: üì¢ Montag geht es los mit dem Workshop ""Optimiertes Peer Reviewing in den Digital Humanities"" mit @guhr_s @steyer_ti et al., Ge‚Ä¶"
"{'hashtags': [{'start': 58, 'end': 61, 'tag': 'DH'}], 'mentions': [{'start': 3, 'end': 11, 'username': 'dhd2022', 'id': '724702270890323968'}]}",de,1280957126031138816,Twitter Web App,"{'retweet_count': 6, 'reply_count': 0, 'like_count': 0, 'quote_count': 0}",,2022-02-23T07:00:07.000Z,1496379326824173568,"RT @dhd2022: Unbedingt! Schaut Euch das üëá bitte an, liebe #DH-Community. 

Mit unserem Partner ‚ÄûMoses Mendelssohn Zentrum f√ºr europ√§isch-j√º‚Ä¶"
"{'hashtags': [{'start': 69, 'end': 77, 'tag': 'DHd2022'}, {'start': 100, 'end': 103, 'tag': 'DH'}], 'mentions': [{'start': 3, 'end': 14, 'username': 'realsci_DE', 'id': '810555350944464896'}]}",de,796300684769562624,Twitter for Android,"{'retweet_count': 1, 'reply_count': 0, 'like_count': 0, 'quote_count': 0}",,2022-02-23T06:59:10.000Z,1496379088965148672,RT @realsci_DE: Ihr wollt ein bisschen Einblick in die Planungen der #DHd2022? Dann lest heute mit! #DH
"{'urls': [{'start': 88, 'end': 111, 'url': 'https://t.co/UeuTPL30DP', 'expanded_url': 'https://twitter.com/realsci_de/status/1496378137176858627', 'display_url': 'twitter.com/realsci_de/sta‚Ä¶'}], 'hashtags': [{'start': 53, 'end': 61, 'tag': 'DHd2022'}, {'start': 84, 'end': 87, 'tag': 'DH'}]}",de,810555350944464896,Twitter for iPhone,"{'retweet_count': 1, 'reply_count': 0, 'like_count': 6, 'quote_count': 0}",,2022-02-23T06:56:10.000Z,1496378333621276673,Ihr wollt ein bisschen Einblick in die Planungen der #DHd2022? Dann lest heute mit! #DH https://t.co/UeuTPL30DP
"{'hashtags': [{'start': 155, 'end': 163, 'tag': 'dhd2022'}], 'mentions': [{'start': 0, 'end': 9, 'username': 'msiemund', 'id': '61145089'}, {'start': 10, 'end': 21, 'username': 'christof77', 'id': '61762488'}, {'start': 22, 'end': 35, 'username': 'Sonja_Gasser', 'id': '2909775886'}, {'start': 36, 'end': 52, 'username': 'fussballinguist', 'id': '787314564794880000'}, {'start': 53, 'end': 61, 'username': 'DHDInfo', 'id': '533163305'}, {'start': 62, 'end': 70, 'username': 'dhd2022', 'id': '724702270890323968'}, {'start': 71, 'end': 78, 'username': 'citavi', 'id': '46355632'}]}",de,3063951376,Twitter Web App,"{'retweet_count': 0, 'reply_count': 1, 'like_count': 5, 'quote_count': 0}",3063951376.0,2022-02-23T06:36:19.000Z,1496373335395127298,"@msiemund @christof77 @Sonja_Gasser @fussballinguist @DHDInfo @dhd2022 @citavi Ich nehme das Thema auf die Agenda f√ºr das n√§chste AG-Treffen im Rahmen der #dhd2022 auf. Aber ich wei√ü, dass bereits mehrere AG-Mitglieder Erfahrungen im Schreiben/Modifizieren von CSL-Files haben."
"{'hashtags': [{'start': 53, 'end': 63, 'tag': 'Hackathon'}, {'start': 70, 'end': 85, 'tag': 'Antisemitismus'}, {'start': 104, 'end': 112, 'tag': 'dhd2022'}], 'mentions': [{'start': 3, 'end': 11, 'username': 'nubuker', 'id': '964809955'}, {'start': 86, 'end': 94, 'username': 'DHDInfo', 'id': '533163305'}, {'start': 95, 'end': 103, 'username': 'dhd2022', 'id': '724702270890323968'}]}",de,1457295028519325697,Twitter for iPhone,"{'retweet_count': 9, 'reply_count': 0, 'like_count': 0, 'quote_count': 0}",,2022-02-23T05:14:30.000Z,1496352748689833989,RT @nubuker: Auch f√ºr die DHd-Community interessant? #Hackathon gegen #Antisemitismus @DHDInfo @dhd2022 #dhd2022
"{'hashtags': [{'start': 58, 'end': 61, 'tag': 'DH'}], 'mentions': [{'start': 3, 'end': 11, 'username': 'dhd2022', 'id': '724702270890323968'}]}",de,191606021,Twitter for iPhone,"{'retweet_count': 6, 'reply_count': 0, 'like_count': 0, 'quote_count': 0}",,2022-02-22T22:19:47.000Z,1496248380116320262,"RT @dhd2022: Unbedingt! Schaut Euch das üëá bitte an, liebe #DH-Community. 

Mit unserem Partner ‚ÄûMoses Mendelssohn Zentrum f√ºr europ√§isch-j√º‚Ä¶"
"{'urls': [{'start': 240, 'end': 263, 'url': 'https://t.co/sMlGLo4n3D', 'expanded_url': 'https://www.conftool.net/dhd2022/index.php?page=browseSessions&form_session=60&presentations=show', 'display_url': 'conftool.net/dhd2022/index.‚Ä¶'}], 'hashtags': [{'start': 221, 'end': 229, 'tag': 'DHd2022'}], 'mentions': [{'start': 0, 'end': 13, 'username': 'LBriefarchiv', 'id': '2778343994'}, {'start': 166, 'end': 179, 'username': 'LBriefarchiv', 'id': '2778343994'}, {'start': 197, 'end': 204, 'username': 'ULB_DA', 'id': '882997351522217985'}, {'start': 230, 'end': 238, 'username': 'dhd2022', 'id': '724702270890323968'}]}",de,61145089,TweetDeck,"{'retweet_count': 1, 'reply_count': 1, 'like_count': 3, 'quote_count': 0}",61145089.0,2022-02-22T22:10:49.000Z,1496246123803127811,"@LBriefarchiv kreativ werden. Der Slam findet am Donnerstag 10.3. ab 16:00 statt. Bei der Postersession ab 17.30 bin ich dann gleich mit 2 Postern vertreten. Das vom @LBriefarchiv und das vom ZEiD @ULB_DA. Kommt vorbei! 
#DHd2022 @dhd2022

https://t.co/sMlGLo4n3D"
"{'hashtags': [{'start': 59, 'end': 67, 'tag': 'DHd2022'}], 'mentions': [{'start': 194, 'end': 207, 'username': 'LBriefarchiv', 'id': '2778343994'}]}",de,61145089,TweetDeck,"{'retweet_count': 1, 'reply_count': 1, 'like_count': 11, 'quote_count': 0}",,2022-02-22T22:08:13.000Z,1496245470976520203,"Vorm Schlafengehen noch ein kleiner Werbeblock f√ºr ""meine"" #DHd2022! Am Donnerstag gibt es den Posterslam (in Zoom) und die Postersession (in Gather). Beim Slam werde ich mit unserem Poster vom @LBriefarchiv vertreten sein. Ich hab da auch schon eine Idee, muss aber noch [1/n]"
"{'urls': [{'start': 254, 'end': 277, 'url': 'https://t.co/Wgop7nFq9j', 'expanded_url': 'https://twitter.com/realsci_DE/status/1496240099352317959/photo/1', 'display_url': 'pic.twitter.com/Wgop7nFq9j'}], 'hashtags': [{'start': 245, 'end': 253, 'tag': 'DHd2022'}], 'mentions': [{'start': 236, 'end': 244, 'username': 'dhd2022', 'id': '724702270890323968'}]}",de,810555350944464896,Twitter Web App,"{'retweet_count': 0, 'reply_count': 0, 'like_count': 5, 'quote_count': 0}",,2022-02-22T21:46:53.000Z,1496240099352317959,"Da es morgen wieder fr√ºh raus geht, um ins Archiv zu fahren (ein Weg ist etwa 1,5h), werde ich nun mal den Rechner ausschalten und mich schlafen legen. Ich w√ºnsche euch eine gute Nacht! 

Und morgen gibt es dann ganz viel Input von der @dhd2022 #DHd2022 https://t.co/Wgop7nFq9j"
"{'hashtags': [{'start': 58, 'end': 61, 'tag': 'DH'}], 'mentions': [{'start': 3, 'end': 11, 'username': 'dhd2022', 'id': '724702270890323968'}]}",de,964809955,Twitter for Android,"{'retweet_count': 6, 'reply_count': 0, 'like_count': 0, 'quote_count': 0}",,2022-02-22T21:23:34.000Z,1496234231126765568,"RT @dhd2022: Unbedingt! Schaut Euch das üëá bitte an, liebe #DH-Community. 

Mit unserem Partner ‚ÄûMoses Mendelssohn Zentrum f√ºr europ√§isch-j√º‚Ä¶"
"{'hashtags': [{'start': 58, 'end': 61, 'tag': 'DH'}], 'mentions': [{'start': 3, 'end': 11, 'username': 'dhd2022', 'id': '724702270890323968'}]}",de,48298968,Twitter for iPhone,"{'retweet_count': 6, 'reply_count': 0, 'like_count': 0, 'quote_count': 0}",,2022-02-22T21:02:19.000Z,1496228883385004034,"RT @dhd2022: Unbedingt! Schaut Euch das üëá bitte an, liebe #DH-Community. 

Mit unserem Partner ‚ÄûMoses Mendelssohn Zentrum f√ºr europ√§isch-j√º‚Ä¶"
"{'hashtags': [{'start': 58, 'end': 61, 'tag': 'DH'}], 'mentions': [{'start': 3, 'end': 11, 'username': 'dhd2022', 'id': '724702270890323968'}]}",de,1331572835886788608,Twitter for Android,"{'retweet_count': 6, 'reply_count': 0, 'like_count': 0, 'quote_count': 0}",,2022-02-22T20:54:43.000Z,1496226974544674825,"RT @dhd2022: Unbedingt! Schaut Euch das üëá bitte an, liebe #DH-Community. 

Mit unserem Partner ‚ÄûMoses Mendelssohn Zentrum f√ºr europ√§isch-j√º‚Ä¶"
"{'hashtags': [{'start': 58, 'end': 61, 'tag': 'DH'}], 'mentions': [{'start': 3, 'end': 11, 'username': 'dhd2022', 'id': '724702270890323968'}]}",de,147279468,Twitter for Android,"{'retweet_count': 6, 'reply_count': 0, 'like_count': 0, 'quote_count': 0}",,2022-02-22T20:01:40.000Z,1496213621134794757,"RT @dhd2022: Unbedingt! Schaut Euch das üëá bitte an, liebe #DH-Community. 

Mit unserem Partner ‚ÄûMoses Mendelssohn Zentrum f√ºr europ√§isch-j√º‚Ä¶"
"{'urls': [{'start': 245, 'end': 268, 'url': 'https://t.co/TU3SFbRC7i', 'expanded_url': 'https://twitter.com/nubuker/status/1495721401986203650', 'display_url': 'twitter.com/nubuker/status‚Ä¶'}], 'hashtags': [{'start': 45, 'end': 48, 'tag': 'DH'}, {'start': 205, 'end': 213, 'tag': 'DHd2022'}, {'start': 220, 'end': 234, 'tag': 'dasistwichtig'}, {'start': 235, 'end': 244, 'tag': 'kulturbb'}], 'mentions': [{'start': 148, 'end': 159, 'username': 'MmzPotsdam', 'id': '1331572835886788608'}]}",de,724702270890323968,Twitter for iPhone,"{'retweet_count': 6, 'reply_count': 0, 'like_count': 17, 'quote_count': 0}",,2022-02-22T19:56:31.000Z,1496212326139191307,"Unbedingt! Schaut Euch das üëá bitte an, liebe #DH-Community. 

Mit unserem Partner ‚ÄûMoses Mendelssohn Zentrum f√ºr europ√§isch-j√ºdische Studien (MMZ)‚Äú @MmzPotsdam adressieren wir j√ºdische Kultur auch auf der #DHd2022. Denn #dasistwichtig #kulturbb https://t.co/TU3SFbRC7i"
"{'mentions': [{'start': 3, 'end': 11, 'username': 'UWuttke', 'id': '1421172834'}, {'start': 110, 'end': 117, 'username': 'guhr_s', 'id': '1109726132734214144'}, {'start': 118, 'end': 128, 'username': 'steyer_ti', 'id': '3063951376'}]}",de,724702270890323968,Twitter for iPhone,"{'retweet_count': 5, 'reply_count': 0, 'like_count': 0, 'quote_count': 0}",,2022-02-22T19:51:02.000Z,1496210946007650304,"RT @UWuttke: üì¢ Montag geht es los mit dem Workshop ""Optimiertes Peer Reviewing in den Digital Humanities"" mit @guhr_s @steyer_ti et al., Ge‚Ä¶"
"{'hashtags': [{'start': 53, 'end': 63, 'tag': 'Hackathon'}, {'start': 70, 'end': 85, 'tag': 'Antisemitismus'}, {'start': 104, 'end': 112, 'tag': 'dhd2022'}], 'mentions': [{'start': 3, 'end': 11, 'username': 'nubuker', 'id': '964809955'}, {'start': 86, 'end': 94, 'username': 'DHDInfo', 'id': '533163305'}, {'start': 95, 'end': 103, 'username': 'dhd2022', 'id': '724702270890323968'}]}",de,402625250,Twitter for Android,"{'retweet_count': 9, 'reply_count': 0, 'like_count': 0, 'quote_count': 0}",,2022-02-22T17:25:37.000Z,1496174349337911304,RT @nubuker: Auch f√ºr die DHd-Community interessant? #Hackathon gegen #Antisemitismus @DHDInfo @dhd2022 #dhd2022
"{'mentions': [{'start': 3, 'end': 14, 'username': 'realsci_DE', 'id': '810555350944464896'}]}",de,796300684769562624,Twitter Web App,"{'retweet_count': 1, 'reply_count': 0, 'like_count': 0, 'quote_count': 0}",,2022-02-22T16:20:40.000Z,1496158007150919685,RT @realsci_DE: Wir waren heute sehr erfolgreich und waren am Nachmittag fertig mit Packen unserer Konferenztaschen üí™ Nach einer kleinen ge‚Ä¶
"{'hashtags': [{'start': 263, 'end': 271, 'tag': 'DHd2022'}]}",de,810555350944464896,TweetDeck,"{'retweet_count': 1, 'reply_count': 0, 'like_count': 15, 'quote_count': 1}",,2022-02-22T16:07:21.000Z,1496154653024731141,"Wir waren heute sehr erfolgreich und waren am Nachmittag fertig mit Packen unserer Konferenztaschen üí™ Nach einer kleinen gemeinsamen Mittagspause sitze ich nun an ConfTool, exportiere Teilnehmer:innenlisten f√ºr unsere Workshops, schreibe Workshopleitende an, ... #DHd2022"
"{'hashtags': [{'start': 60, 'end': 68, 'tag': 'DHd2022'}], 'mentions': [{'start': 3, 'end': 14, 'username': 'realsci_DE', 'id': '810555350944464896'}]}",de,796300684769562624,Twitter Web App,"{'retweet_count': 1, 'reply_count': 0, 'like_count': 0, 'quote_count': 0}",,2022-02-22T10:36:47.000Z,1496071464847613952,RT @realsci_DE: Wir sind flei√üig beim Tagungstaschen packen #DHd2022 Parallel bin ich mit Kolleg:innen in der Planung unseres Posterslams.‚Ä¶
"{'urls': [{'start': 192, 'end': 215, 'url': 'https://t.co/G3uzMDiOfh', 'expanded_url': 'https://twitter.com/realsci_DE/status/1496068501672443906/photo/1', 'display_url': 'pic.twitter.com/G3uzMDiOfh'}], 'hashtags': [{'start': 44, 'end': 52, 'tag': 'DHd2022'}]}",de,810555350944464896,Twitter for iPhone,"{'retweet_count': 1, 'reply_count': 0, 'like_count': 11, 'quote_count': 0}",,2022-02-22T10:25:01.000Z,1496068501672443906,Wir sind flei√üig beim Tagungstaschen packen #DHd2022 Parallel bin ich mit Kolleg:innen in der Planung unseres Posterslams. Darum gibts die Antworten auf eure Fragen heute am Nachmittag/Abend. https://t.co/G3uzMDiOfh
"{'hashtags': [{'start': 63, 'end': 72, 'tag': 'Wisskomm'}, {'start': 73, 'end': 76, 'tag': 'DH'}, {'start': 77, 'end': 84, 'tag': 'CitSci'}, {'start': 85, 'end': 104, 'tag': 'LoveLetterResearch'}, {'start': 105, 'end': 116, 'tag': 'WissPausen'}, {'start': 117, 'end': 125, 'tag': 'DHd2022'}, {'start': 126, 'end': 130, 'tag': 'LIS'}], 'mentions': [{'start': 3, 'end': 12, 'username': 'msiemund', 'id': '61145089'}]}",de,1120556610,Twitter Web App,"{'retweet_count': 1, 'reply_count': 0, 'like_count': 0, 'quote_count': 0}",,2022-02-22T08:49:26.000Z,1496044449381629956,RT @msiemund: Mein Plan diese Woche dr√ºben bei den Scientists‚Ä¶ #Wisskomm #DH #CitSci #LoveLetterResearch #WissPausen #DHd2022 #LIS
"{'mentions': [{'start': 3, 'end': 11, 'username': 'UWuttke', 'id': '1421172834'}, {'start': 49, 'end': 57, 'username': 'dhd2022', 'id': '724702270890323968'}]}",de,1063406634549067776,Twitter for Android,"{'retweet_count': 5, 'reply_count': 0, 'like_count': 0, 'quote_count': 0}",,2022-02-22T08:11:42.000Z,1496034953011904514,RT @UWuttke: Ich freue mich schon riesig auf die @dhd2022! Hinter den Kulissen werde ich nat√ºrlich die ganze Zeit mit dabei sein und erwart‚Ä¶
"{'mentions': [{'start': 3, 'end': 11, 'username': 'UWuttke', 'id': '1421172834'}, {'start': 110, 'end': 117, 'username': 'guhr_s', 'id': '1109726132734214144'}, {'start': 118, 'end': 128, 'username': 'steyer_ti', 'id': '3063951376'}]}",de,533163305,Twitter Web App,"{'retweet_count': 5, 'reply_count': 0, 'like_count': 0, 'quote_count': 0}",,2022-02-22T08:05:24.000Z,1496033366092693508,"RT @UWuttke: üì¢ Montag geht es los mit dem Workshop ""Optimiertes Peer Reviewing in den Digital Humanities"" mit @guhr_s @steyer_ti et al., Ge‚Ä¶"
"{'mentions': [{'start': 3, 'end': 11, 'username': 'UWuttke', 'id': '1421172834'}, {'start': 49, 'end': 57, 'username': 'dhd2022', 'id': '724702270890323968'}]}",de,533163305,Twitter Web App,"{'retweet_count': 5, 'reply_count': 0, 'like_count': 0, 'quote_count': 0}",,2022-02-22T08:05:11.000Z,1496033312435060737,RT @UWuttke: Ich freue mich schon riesig auf die @dhd2022! Hinter den Kulissen werde ich nat√ºrlich die ganze Zeit mit dabei sein und erwart‚Ä¶
"{'hashtags': [{'start': 176, 'end': 184, 'tag': 'dhd2022'}], 'mentions': [{'start': 0, 'end': 10, 'username': 'steyer_ti', 'id': '3063951376'}, {'start': 11, 'end': 19, 'username': 'UWuttke', 'id': '1421172834'}, {'start': 20, 'end': 27, 'username': 'guhr_s', 'id': '1109726132734214144'}, {'start': 28, 'end': 36, 'username': 'dhd2022', 'id': '724702270890323968'}]}",de,1284392876,Twitter Web App,"{'retweet_count': 0, 'reply_count': 1, 'like_count': 3, 'quote_count': 0}",3063951376.0,2022-02-22T07:33:15.000Z,1496025275481608193,@steyer_ti @UWuttke @guhr_s @dhd2022 das klingt spannend! zum gl√ºck habe ich mich auch f√ºr euer panel 'einteilen' lassen. nur noch zwei wochen! spannung und vorfreude steigt!! #dhd2022
"{'urls': [{'start': 117, 'end': 140, 'url': 'https://t.co/FMQp3vrIws', 'expanded_url': 'https://twitter.com/realsci_de/status/1496001811802513409', 'display_url': 'twitter.com/realsci_de/sta‚Ä¶'}], 'hashtags': [{'start': 49, 'end': 58, 'tag': 'Wisskomm'}, {'start': 59, 'end': 62, 'tag': 'DH'}, {'start': 63, 'end': 70, 'tag': 'CitSci'}, {'start': 71, 'end': 90, 'tag': 'LoveLetterResearch'}, {'start': 91, 'end': 102, 'tag': 'WissPausen'}, {'start': 103, 'end': 111, 'tag': 'DHd2022'}, {'start': 112, 'end': 116, 'tag': 'LIS'}]}",de,61145089,Twitter for iPhone,"{'retweet_count': 1, 'reply_count': 1, 'like_count': 15, 'quote_count': 0}",,2022-02-22T06:04:05.000Z,1496002838798942210,Mein Plan diese Woche dr√ºben bei den Scientists‚Ä¶ #Wisskomm #DH #CitSci #LoveLetterResearch #WissPausen #DHd2022 #LIS https://t.co/FMQp3vrIws
"{'mentions': [{'start': 3, 'end': 12, 'username': 'msiemund', 'id': '61145089'}, {'start': 93, 'end': 104, 'username': 'realsci_DE', 'id': '810555350944464896'}]}",de,14937469,Twitter Web App,"{'retweet_count': 5, 'reply_count': 0, 'like_count': 0, 'quote_count': 0}",,2022-02-22T05:39:54.000Z,1495996751475617792,RT @msiemund: Die Katze ist aus dem Sack. Ganz spontan kuratiere ich diese Woche den Account @realsci_DE! Ihr erfahrt die Woche etwas √ºber‚Ä¶
"{'urls': [{'start': 233, 'end': 256, 'url': 'https://t.co/dOX705ZeM5', 'expanded_url': 'https://bddy.me/3h6gwMY', 'display_url': 'bddy.me/3h6gwMY'}, {'start': 266, 'end': 289, 'url': 'https://t.co/Z05iskOWNK', 'expanded_url': 'https://twitter.com/hudsonalpha/status/1495926340054405121/photo/1', 'display_url': 'pic.twitter.com/Z05iskOWNK'}], 'hashtags': [{'start': 257, 'end': 265, 'tag': 'DHD2022'}]}",en,57030951,Salesforce - Social Studio,"{'retweet_count': 0, 'reply_count': 0, 'like_count': 0, 'quote_count': 0}",,2022-02-22T01:00:07.000Z,1495926340054405121,"Don't miss your opportunity to support children and families. Join us on the helix April 5, 2022 at 5:30 PM for the Double Helix Dash which benefits HudsonAlpha's childhood genomics programs. Register today before the rate increase! https://t.co/dOX705ZeM5 #DHD2022 https://t.co/Z05iskOWNK"
"{'hashtags': [{'start': 53, 'end': 63, 'tag': 'Hackathon'}, {'start': 70, 'end': 85, 'tag': 'Antisemitismus'}, {'start': 104, 'end': 112, 'tag': 'dhd2022'}], 'mentions': [{'start': 3, 'end': 11, 'username': 'nubuker', 'id': '964809955'}, {'start': 86, 'end': 94, 'username': 'DHDInfo', 'id': '533163305'}, {'start': 95, 'end': 103, 'username': 'dhd2022', 'id': '724702270890323968'}]}",de,4162410142,Twitter Web App,"{'retweet_count': 9, 'reply_count': 0, 'like_count': 0, 'quote_count': 0}",,2022-02-21T21:51:22.000Z,1495878841365053449,RT @nubuker: Auch f√ºr die DHd-Community interessant? #Hackathon gegen #Antisemitismus @DHDInfo @dhd2022 #dhd2022
"{'mentions': [{'start': 3, 'end': 12, 'username': 'msiemund', 'id': '61145089'}, {'start': 93, 'end': 104, 'username': 'realsci_DE', 'id': '810555350944464896'}]}",de,2495031673,Twitter Web App,"{'retweet_count': 5, 'reply_count': 0, 'like_count': 0, 'quote_count': 0}",,2022-02-21T21:51:10.000Z,1495878791792664580,RT @msiemund: Die Katze ist aus dem Sack. Ganz spontan kuratiere ich diese Woche den Account @realsci_DE! Ihr erfahrt die Woche etwas √ºber‚Ä¶
"{'hashtags': [{'start': 53, 'end': 63, 'tag': 'Hackathon'}, {'start': 70, 'end': 85, 'tag': 'Antisemitismus'}, {'start': 104, 'end': 112, 'tag': 'dhd2022'}], 'mentions': [{'start': 3, 'end': 11, 'username': 'nubuker', 'id': '964809955'}, {'start': 86, 'end': 94, 'username': 'DHDInfo', 'id': '533163305'}, {'start': 95, 'end': 103, 'username': 'dhd2022', 'id': '724702270890323968'}]}",de,61145089,Twitter for iPhone,"{'retweet_count': 9, 'reply_count': 0, 'like_count': 0, 'quote_count': 0}",,2022-02-21T21:31:06.000Z,1495873740743360516,RT @nubuker: Auch f√ºr die DHd-Community interessant? #Hackathon gegen #Antisemitismus @DHDInfo @dhd2022 #dhd2022
"{'hashtags': [{'start': 53, 'end': 63, 'tag': 'Hackathon'}, {'start': 70, 'end': 85, 'tag': 'Antisemitismus'}, {'start': 104, 'end': 112, 'tag': 'dhd2022'}], 'mentions': [{'start': 3, 'end': 11, 'username': 'nubuker', 'id': '964809955'}, {'start': 86, 'end': 94, 'username': 'DHDInfo', 'id': '533163305'}, {'start': 95, 'end': 103, 'username': 'dhd2022', 'id': '724702270890323968'}]}",de,191606021,Twitter for Mac,"{'retweet_count': 9, 'reply_count': 0, 'like_count': 0, 'quote_count': 0}",,2022-02-21T21:22:27.000Z,1495871563631108098,RT @nubuker: Auch f√ºr die DHd-Community interessant? #Hackathon gegen #Antisemitismus @DHDInfo @dhd2022 #dhd2022
"{'hashtags': [{'start': 53, 'end': 63, 'tag': 'Hackathon'}, {'start': 70, 'end': 85, 'tag': 'Antisemitismus'}, {'start': 104, 'end': 112, 'tag': 'dhd2022'}], 'mentions': [{'start': 3, 'end': 11, 'username': 'nubuker', 'id': '964809955'}, {'start': 86, 'end': 94, 'username': 'DHDInfo', 'id': '533163305'}, {'start': 95, 'end': 103, 'username': 'dhd2022', 'id': '724702270890323968'}]}",de,1062831254,Twitter for Android,"{'retweet_count': 9, 'reply_count': 0, 'like_count': 0, 'quote_count': 0}",,2022-02-21T20:17:51.000Z,1495855306642964483,RT @nubuker: Auch f√ºr die DHd-Community interessant? #Hackathon gegen #Antisemitismus @DHDInfo @dhd2022 #dhd2022
"{'hashtags': [{'start': 53, 'end': 63, 'tag': 'Hackathon'}, {'start': 70, 'end': 85, 'tag': 'Antisemitismus'}, {'start': 104, 'end': 112, 'tag': 'dhd2022'}], 'mentions': [{'start': 3, 'end': 11, 'username': 'nubuker', 'id': '964809955'}, {'start': 86, 'end': 94, 'username': 'DHDInfo', 'id': '533163305'}, {'start': 95, 'end': 103, 'username': 'dhd2022', 'id': '724702270890323968'}]}",de,144832173,Twitter for Android,"{'retweet_count': 9, 'reply_count': 0, 'like_count': 0, 'quote_count': 0}",,2022-02-21T20:14:54.000Z,1495854564972580879,RT @nubuker: Auch f√ºr die DHd-Community interessant? #Hackathon gegen #Antisemitismus @DHDInfo @dhd2022 #dhd2022
"{'hashtags': [{'start': 53, 'end': 63, 'tag': 'Hackathon'}, {'start': 70, 'end': 85, 'tag': 'Antisemitismus'}, {'start': 104, 'end': 112, 'tag': 'dhd2022'}], 'mentions': [{'start': 3, 'end': 11, 'username': 'nubuker', 'id': '964809955'}, {'start': 86, 'end': 94, 'username': 'DHDInfo', 'id': '533163305'}, {'start': 95, 'end': 103, 'username': 'dhd2022', 'id': '724702270890323968'}]}",de,1537347103,Twitter for iPhone,"{'retweet_count': 9, 'reply_count': 0, 'like_count': 0, 'quote_count': 0}",,2022-02-21T20:01:36.000Z,1495851216177442816,RT @nubuker: Auch f√ºr die DHd-Community interessant? #Hackathon gegen #Antisemitismus @DHDInfo @dhd2022 #dhd2022
"{'mentions': [{'start': 3, 'end': 12, 'username': 'msiemund', 'id': '61145089'}, {'start': 93, 'end': 104, 'username': 'realsci_DE', 'id': '810555350944464896'}]}",de,4155225724,Twitter for Android,"{'retweet_count': 5, 'reply_count': 0, 'like_count': 0, 'quote_count': 0}",,2022-02-21T19:14:17.000Z,1495839308640628736,RT @msiemund: Die Katze ist aus dem Sack. Ganz spontan kuratiere ich diese Woche den Account @realsci_DE! Ihr erfahrt die Woche etwas √ºber‚Ä¶
"{'mentions': [{'start': 3, 'end': 12, 'username': 'msiemund', 'id': '61145089'}, {'start': 93, 'end': 104, 'username': 'realsci_DE', 'id': '810555350944464896'}]}",de,796300684769562624,Twitter Web App,"{'retweet_count': 5, 'reply_count': 0, 'like_count': 0, 'quote_count': 0}",,2022-02-21T18:41:34.000Z,1495831078531211273,RT @msiemund: Die Katze ist aus dem Sack. Ganz spontan kuratiere ich diese Woche den Account @realsci_DE! Ihr erfahrt die Woche etwas √ºber‚Ä¶
"{'mentions': [{'start': 3, 'end': 12, 'username': 'msiemund', 'id': '61145089'}, {'start': 93, 'end': 104, 'username': 'realsci_DE', 'id': '810555350944464896'}]}",de,810555350944464896,TweetDeck,"{'retweet_count': 5, 'reply_count': 0, 'like_count': 0, 'quote_count': 0}",,2022-02-21T18:40:35.000Z,1495830828412252163,RT @msiemund: Die Katze ist aus dem Sack. Ganz spontan kuratiere ich diese Woche den Account @realsci_DE! Ihr erfahrt die Woche etwas √ºber‚Ä¶
"{'mentions': [{'start': 3, 'end': 11, 'username': 'UWuttke', 'id': '1421172834'}]}",de,869477414832934912,Twitter for Android,"{'retweet_count': 2, 'reply_count': 0, 'like_count': 0, 'quote_count': 0}",,2022-02-21T18:40:34.000Z,1495830824469643270,"RT @UWuttke: üì¢ Die Task Force OPR l√§dt am Mittwoch zum Panel ""Offen f√ºr alle(s)"" ein, in dem √ºber Open Identities im Reviewprozess der @DHD‚Ä¶"
"{'mentions': [{'start': 3, 'end': 11, 'username': 'UWuttke', 'id': '1421172834'}]}",de,3063951376,Twitter for Android,"{'retweet_count': 2, 'reply_count': 0, 'like_count': 0, 'quote_count': 0}",,2022-02-21T18:33:09.000Z,1495828960130781191,"RT @UWuttke: üì¢ Die Task Force OPR l√§dt am Mittwoch zum Panel ""Offen f√ºr alle(s)"" ein, in dem √ºber Open Identities im Reviewprozess der @DHD‚Ä¶"
"{'mentions': [{'start': 3, 'end': 11, 'username': 'UWuttke', 'id': '1421172834'}, {'start': 110, 'end': 117, 'username': 'guhr_s', 'id': '1109726132734214144'}, {'start': 118, 'end': 128, 'username': 'steyer_ti', 'id': '3063951376'}]}",de,3063951376,Twitter for Android,"{'retweet_count': 5, 'reply_count': 0, 'like_count': 0, 'quote_count': 0}",,2022-02-21T18:33:05.000Z,1495828941235437572,"RT @UWuttke: üì¢ Montag geht es los mit dem Workshop ""Optimiertes Peer Reviewing in den Digital Humanities"" mit @guhr_s @steyer_ti et al., Ge‚Ä¶"
"{'mentions': [{'start': 3, 'end': 11, 'username': 'UWuttke', 'id': '1421172834'}, {'start': 49, 'end': 57, 'username': 'dhd2022', 'id': '724702270890323968'}]}",de,831564825914400768,Twitter for Android,"{'retweet_count': 5, 'reply_count': 0, 'like_count': 0, 'quote_count': 0}",,2022-02-21T18:02:56.000Z,1495821353634746369,RT @UWuttke: Ich freue mich schon riesig auf die @dhd2022! Hinter den Kulissen werde ich nat√ºrlich die ganze Zeit mit dabei sein und erwart‚Ä¶
"{'mentions': [{'start': 3, 'end': 11, 'username': 'UWuttke', 'id': '1421172834'}, {'start': 110, 'end': 117, 'username': 'guhr_s', 'id': '1109726132734214144'}, {'start': 118, 'end': 128, 'username': 'steyer_ti', 'id': '3063951376'}]}",de,1398514088645480448,Twitter,"{'retweet_count': 5, 'reply_count': 0, 'like_count': 0, 'quote_count': 0}",,2022-02-21T18:00:38.000Z,1495820775865126918,"RT @UWuttke: üì¢ Montag geht es los mit dem Workshop ""Optimiertes Peer Reviewing in den Digital Humanities"" mit @guhr_s @steyer_ti et al., Ge‚Ä¶"
"{'mentions': [{'start': 3, 'end': 11, 'username': 'UWuttke', 'id': '1421172834'}, {'start': 49, 'end': 57, 'username': 'dhd2022', 'id': '724702270890323968'}]}",de,724702270890323968,Twitter for iPhone,"{'retweet_count': 5, 'reply_count': 0, 'like_count': 0, 'quote_count': 0}",,2022-02-21T17:37:50.000Z,1495815037117739008,RT @UWuttke: Ich freue mich schon riesig auf die @dhd2022! Hinter den Kulissen werde ich nat√ºrlich die ganze Zeit mit dabei sein und erwart‚Ä¶
"{'hashtags': [{'start': 0, 'end': 8, 'tag': 'DHd2022'}]}",de,810555350944464896,Twitter Web App,"{'retweet_count': 0, 'reply_count': 1, 'like_count': 9, 'quote_count': 0}",8.105553509444649e+17,2022-02-21T17:35:00.000Z,1495814323872366596,"#DHd2022 Organisation geben. Habt ihr konkrete W√ºnsche an mich? Dann lasst sie mich gerne wissen! Fragt unbedingt nach, wenn ihr etwas nicht versteht oder mehr wissen wollt! Allerdings kann es zwischendurch auch mal ein paar Stunden dauern, wenn ich wie morgen z.B. gerade [8/n]"
"{'urls': [{'start': 84, 'end': 107, 'url': 'https://t.co/etszwFJe9Z', 'expanded_url': 'https://www.dhd2022.de/programm-events/', 'display_url': 'dhd2022.de/programm-event‚Ä¶'}, {'start': 215, 'end': 238, 'url': 'https://t.co/ojGbfwFvib', 'expanded_url': 'https://tinyurl.com/mr3yaa9e', 'display_url': 'tinyurl.com/mr3yaa9e'}], 'hashtags': [{'start': 66, 'end': 74, 'tag': 'dhd2022'}], 'mentions': [{'start': 167, 'end': 175, 'username': 'dhd2022', 'id': '724702270890323968'}]}",de,1421172834,Twitter Web App,"{'retweet_count': 0, 'reply_count': 0, 'like_count': 2, 'quote_count': 0}",1421172834.0,2022-02-21T17:34:28.000Z,1495814190388465672,"Na, war was dabei? Wenn nicht, einfach mal weiter im Programm der #dhd2022 st√∂bern: https://t.co/etszwFJe9Z Ich freu mich auf ein Kennenlernen und Wiedersehen bei der @DHd2022! Anmeldung ist noch bis 28.2. m√∂glich! https://t.co/ojGbfwFvib"
"{'urls': [{'start': 226, 'end': 249, 'url': 'https://t.co/ojGbfwFvib', 'expanded_url': 'https://tinyurl.com/mr3yaa9e', 'display_url': 'tinyurl.com/mr3yaa9e'}], 'hashtags': [{'start': 260, 'end': 268, 'tag': 'dhd2022'}], 'mentions': [{'start': 28, 'end': 40, 'username': 'etothczifra', 'id': '818132133776592898'}, {'start': 105, 'end': 120, 'username': 'openmethods_dh', 'id': '911193053641273344'}, {'start': 250, 'end': 258, 'username': 'dhd2022', 'id': '724702270890323968'}]}",en,1421172834,Twitter Web App,"{'retweet_count': 1, 'reply_count': 1, 'like_count': 7, 'quote_count': 2}",1421172834.0,2022-02-21T17:34:27.000Z,1495814186072526849,"üì¢ Thursday the one and only @etothczifra will go on the stage of the virtual poster slam and present our @openmethods_dh posterüí™about our new ""Spotlights"" Series. Join us and support her! Anmeldung ist noch bis 28.2. m√∂glich! https://t.co/ojGbfwFvib @dhd2022  #dhd2022"
"{'urls': [{'start': 254, 'end': 277, 'url': 'https://t.co/ojGbfwFvib', 'expanded_url': 'https://tinyurl.com/mr3yaa9e', 'display_url': 'tinyurl.com/mr3yaa9e'}], 'hashtags': [{'start': 207, 'end': 215, 'tag': 'dhd2022'}], 'mentions': [{'start': 122, 'end': 130, 'username': 'DHDInfo', 'id': '533163305'}, {'start': 195, 'end': 206, 'username': 'alexczmiel', 'id': '48309940'}]}",de,1421172834,Twitter Web App,"{'retweet_count': 2, 'reply_count': 2, 'like_count': 6, 'quote_count': 0}",1421172834.0,2022-02-21T17:34:26.000Z,1495814181693661186,"üì¢ Die Task Force OPR l√§dt am Mittwoch zum Panel ""Offen f√ºr alle(s)"" ein, in dem √ºber Open Identities im Reviewprozess der @DHDInfo-Konferenz diskutiert wird. Das Panel moderiert der einzig wahre @alexczmiel #dhd2022 Anmeldung ist noch bis 28.2. m√∂glich! https://t.co/ojGbfwFvib"
"{'hashtags': [{'start': 232, 'end': 240, 'tag': 'dhd2022'}], 'mentions': [{'start': 97, 'end': 104, 'username': 'guhr_s', 'id': '1109726132734214144'}, {'start': 105, 'end': 115, 'username': 'steyer_ti', 'id': '3063951376'}, {'start': 223, 'end': 231, 'username': 'dhd2022', 'id': '724702270890323968'}]}",de,1421172834,Twitter Web App,"{'retweet_count': 5, 'reply_count': 2, 'like_count': 11, 'quote_count': 0}",1421172834.0,2022-02-21T17:34:25.000Z,1495814179726495754,"üì¢ Montag geht es los mit dem Workshop ""Optimiertes Peer Reviewing in den Digital Humanities"" mit @guhr_s @steyer_ti et al., Gelegenheit sich √ºber Begutachtungsprozesse zu informieren und diskutieren, aber auch zu erproben. @dhd2022 #dhd2022"
"{'hashtags': [{'start': 267, 'end': 275, 'tag': 'dhd2022'}], 'mentions': [{'start': 36, 'end': 44, 'username': 'dhd2022', 'id': '724702270890323968'}]}",de,1421172834,Twitter Web App,"{'retweet_count': 5, 'reply_count': 1, 'like_count': 25, 'quote_count': 0}",,2022-02-21T17:34:25.000Z,1495814177784532999,"Ich freue mich schon riesig auf die @dhd2022! Hinter den Kulissen werde ich nat√ºrlich die ganze Zeit mit dabei sein und erwarte mit Euch mit Spannung das fabelhafte Programm! Dennoch m√∂chte ich Euch besonders ein paar Events ans ‚ù§Ô∏è legen, an denen ich beteiligt bin. #dhd2022 üßµ"
"{'urls': [{'start': 277, 'end': 300, 'url': 'https://t.co/Xgir01CbXe', 'expanded_url': 'https://twitter.com/realsci_DE/status/1495802558916579330', 'display_url': 'twitter.com/realsci_DE/sta‚Ä¶'}], 'hashtags': [{'start': 146, 'end': 154, 'tag': 'DHd2022'}, {'start': 157, 'end': 172, 'tag': 'CitizenScience'}, {'start': 174, 'end': 177, 'tag': 'DH'}, {'start': 179, 'end': 198, 'tag': 'LoveLetterResearch'}, {'start': 203, 'end': 207, 'tag': 'LIS'}], 'mentions': [{'start': 79, 'end': 90, 'username': 'realsci_DE', 'id': '810555350944464896'}]}",de,61145089,TweetDeck,"{'retweet_count': 5, 'reply_count': 5, 'like_count': 66, 'quote_count': 0}",,2022-02-21T17:15:16.000Z,1495809358529245185,"Die Katze ist aus dem Sack. Ganz spontan kuratiere ich diese Woche den Account @realsci_DE! Ihr erfahrt die Woche etwas √ºber Tagungsorganisation (#DHd2022), #CitizenScience, #DH, #LoveLetterResearch und #LIS. Habt ihr konkrete W√ºnsche, was ich dort vertwittere?
Ich freu mich! https://t.co/Xgir01CbXe"
"{'hashtags': [{'start': 53, 'end': 63, 'tag': 'Hackathon'}, {'start': 70, 'end': 85, 'tag': 'Antisemitismus'}, {'start': 104, 'end': 112, 'tag': 'dhd2022'}], 'mentions': [{'start': 3, 'end': 11, 'username': 'nubuker', 'id': '964809955'}, {'start': 86, 'end': 94, 'username': 'DHDInfo', 'id': '533163305'}, {'start': 95, 'end': 103, 'username': 'dhd2022', 'id': '724702270890323968'}]}",de,970596409975156737,Twitter Web App,"{'retweet_count': 9, 'reply_count': 0, 'like_count': 0, 'quote_count': 0}",,2022-02-21T11:30:08.000Z,1495722503888584707,RT @nubuker: Auch f√ºr die DHd-Community interessant? #Hackathon gegen #Antisemitismus @DHDInfo @dhd2022 #dhd2022
"{'urls': [{'start': 100, 'end': 123, 'url': 'https://t.co/cDjj5YfLWL', 'expanded_url': 'https://twitter.com/net_olam/status/1495720812485169153', 'display_url': 'twitter.com/net_olam/statu‚Ä¶'}], 'hashtags': [{'start': 40, 'end': 50, 'tag': 'Hackathon'}, {'start': 57, 'end': 72, 'tag': 'Antisemitismus'}, {'start': 91, 'end': 99, 'tag': 'dhd2022'}], 'mentions': [{'start': 73, 'end': 81, 'username': 'DHDInfo', 'id': '533163305'}, {'start': 82, 'end': 90, 'username': 'dhd2022', 'id': '724702270890323968'}]}",de,964809955,Twitter for Android,"{'retweet_count': 9, 'reply_count': 0, 'like_count': 21, 'quote_count': 1}",,2022-02-21T11:25:46.000Z,1495721401986203650,Auch f√ºr die DHd-Community interessant? #Hackathon gegen #Antisemitismus @DHDInfo @dhd2022 #dhd2022 https://t.co/cDjj5YfLWL
"{'hashtags': [{'start': 28, 'end': 36, 'tag': 'dhd2022'}]}",de,1455075374602375168,Twitter for iPhone,"{'retweet_count': 0, 'reply_count': 0, 'like_count': 3, 'quote_count': 0}",,2022-02-20T21:38:42.000Z,1495513266180796422,"2022-02-17
üçÄ Poster f√ºr die #dhd2022 fertig bekommen
üçÄ gutes Schreibdate
üçÄ Workshop mit unsern Citizens"
"{'mentions': [{'start': 3, 'end': 16, 'username': 'LBriefarchiv', 'id': '2778343994'}, {'start': 77, 'end': 85, 'username': 'dhd2022', 'id': '724702270890323968'}]}",de,329246702,Twitter Web App,"{'retweet_count': 9, 'reply_count': 0, 'like_count': 0, 'quote_count': 0}",,2022-02-19T11:28:21.000Z,1494997278448304128,RT @LBriefarchiv: Heute gibts einen kleinen Spoiler auf unser Poster auf der @dhd2022. Wenn ihr das Poster ganz sehen wollt und euch mit un‚Ä¶
"{'mentions': [{'start': 3, 'end': 16, 'username': 'LBriefarchiv', 'id': '2778343994'}, {'start': 77, 'end': 85, 'username': 'dhd2022', 'id': '724702270890323968'}]}",de,176733810,Twitter Web App,"{'retweet_count': 9, 'reply_count': 0, 'like_count': 0, 'quote_count': 0}",,2022-02-19T08:52:08.000Z,1494957964666580992,RT @LBriefarchiv: Heute gibts einen kleinen Spoiler auf unser Poster auf der @dhd2022. Wenn ihr das Poster ganz sehen wollt und euch mit un‚Ä¶
"{'mentions': [{'start': 3, 'end': 16, 'username': 'LBriefarchiv', 'id': '2778343994'}, {'start': 77, 'end': 85, 'username': 'dhd2022', 'id': '724702270890323968'}]}",de,391926702,TweetDeck,"{'retweet_count': 9, 'reply_count': 0, 'like_count': 0, 'quote_count': 0}",,2022-02-19T08:15:23.000Z,1494948717182476291,RT @LBriefarchiv: Heute gibts einen kleinen Spoiler auf unser Poster auf der @dhd2022. Wenn ihr das Poster ganz sehen wollt und euch mit un‚Ä¶
"{'hashtags': [{'start': 99, 'end': 107, 'tag': 'DHd2022'}], 'mentions': [{'start': 3, 'end': 11, 'username': 'dhd2022', 'id': '724702270890323968'}]}",de,1421172834,TweetDeck,"{'retweet_count': 7, 'reply_count': 0, 'like_count': 0, 'quote_count': 0}",,2022-02-19T07:10:13.000Z,1494932316585668612,"RT @dhd2022: Ach sch√∂n! Wir freuen uns auch, dass all die Stipendiengeber mitgezogen haben, um ein #DHd2022-Recap-Event f√ºr die Stipendiat*‚Ä¶"
"{'mentions': [{'start': 3, 'end': 15, 'username': 'Mareike2405', 'id': '250558059'}]}",de,1421172834,TweetDeck,"{'retweet_count': 4, 'reply_count': 0, 'like_count': 0, 'quote_count': 0}",,2022-02-19T07:09:35.000Z,1494932158082949121,"RT @Mareike2405: Hier ist ja wahrscheinlich niemand, die/der auch zugleich bei Insta ist - aber falls doch oder wenn Ihr jemanden kennt: di‚Ä¶"
"{'mentions': [{'start': 3, 'end': 16, 'username': 'LBriefarchiv', 'id': '2778343994'}, {'start': 77, 'end': 85, 'username': 'dhd2022', 'id': '724702270890323968'}]}",de,1176226848239476739,Twitter for Android,"{'retweet_count': 9, 'reply_count': 0, 'like_count': 0, 'quote_count': 0}",,2022-02-18T21:19:29.000Z,1494783655226527750,RT @LBriefarchiv: Heute gibts einen kleinen Spoiler auf unser Poster auf der @dhd2022. Wenn ihr das Poster ganz sehen wollt und euch mit un‚Ä¶
"{'mentions': [{'start': 3, 'end': 16, 'username': 'LBriefarchiv', 'id': '2778343994'}, {'start': 77, 'end': 85, 'username': 'dhd2022', 'id': '724702270890323968'}]}",de,250620142,Twitter for iPhone,"{'retweet_count': 9, 'reply_count': 0, 'like_count': 0, 'quote_count': 0}",,2022-02-18T21:18:11.000Z,1494783326900699139,RT @LBriefarchiv: Heute gibts einen kleinen Spoiler auf unser Poster auf der @dhd2022. Wenn ihr das Poster ganz sehen wollt und euch mit un‚Ä¶
"{'mentions': [{'start': 3, 'end': 12, 'username': 'msiemund', 'id': '61145089'}, {'start': 14, 'end': 26, 'username': 'Mareike2405', 'id': '250558059'}, {'start': 27, 'end': 35, 'username': 'dhd2022', 'id': '724702270890323968'}]}",de,250558059,Twitter for iPhone,"{'retweet_count': 2, 'reply_count': 0, 'like_count': 0, 'quote_count': 0}",,2022-02-18T19:17:25.000Z,1494752933312966658,"RT @msiemund: @Mareike2405 @dhd2022 Ich glaube, es sind einige da dr√ºben auf Instagram... Und einige sogar auf TikTok ;) Und vll wird #TikT‚Ä¶"
"{'mentions': [{'start': 3, 'end': 16, 'username': 'LBriefarchiv', 'id': '2778343994'}, {'start': 77, 'end': 85, 'username': 'dhd2022', 'id': '724702270890323968'}]}",de,970596409975156737,Twitter Web App,"{'retweet_count': 9, 'reply_count': 0, 'like_count': 0, 'quote_count': 0}",,2022-02-18T19:02:26.000Z,1494749165791981573,RT @LBriefarchiv: Heute gibts einen kleinen Spoiler auf unser Poster auf der @dhd2022. Wenn ihr das Poster ganz sehen wollt und euch mit un‚Ä¶
"{'mentions': [{'start': 3, 'end': 16, 'username': 'LBriefarchiv', 'id': '2778343994'}, {'start': 77, 'end': 85, 'username': 'dhd2022', 'id': '724702270890323968'}]}",de,52349626,Twitter for iPhone,"{'retweet_count': 9, 'reply_count': 0, 'like_count': 0, 'quote_count': 0}",,2022-02-18T18:46:35.000Z,1494745173431144451,RT @LBriefarchiv: Heute gibts einen kleinen Spoiler auf unser Poster auf der @dhd2022. Wenn ihr das Poster ganz sehen wollt und euch mit un‚Ä¶
"{'mentions': [{'start': 3, 'end': 15, 'username': 'Mareike2405', 'id': '250558059'}]}",de,724702270890323968,Twitter for iPhone,"{'retweet_count': 4, 'reply_count': 0, 'like_count': 0, 'quote_count': 0}",,2022-02-18T18:43:29.000Z,1494744394599223296,"RT @Mareike2405: Hier ist ja wahrscheinlich niemand, die/der auch zugleich bei Insta ist - aber falls doch oder wenn Ihr jemanden kennt: di‚Ä¶"
"{'mentions': [{'start': 3, 'end': 12, 'username': 'msiemund', 'id': '61145089'}, {'start': 14, 'end': 26, 'username': 'Mareike2405', 'id': '250558059'}, {'start': 27, 'end': 35, 'username': 'dhd2022', 'id': '724702270890323968'}]}",de,724702270890323968,Twitter for iPhone,"{'retweet_count': 2, 'reply_count': 0, 'like_count': 0, 'quote_count': 0}",,2022-02-18T18:41:54.000Z,1494743997251825667,"RT @msiemund: @Mareike2405 @dhd2022 Ich glaube, es sind einige da dr√ºben auf Instagram... Und einige sogar auf TikTok ;) Und vll wird #TikT‚Ä¶"
"{'mentions': [{'start': 3, 'end': 16, 'username': 'LBriefarchiv', 'id': '2778343994'}, {'start': 77, 'end': 85, 'username': 'dhd2022', 'id': '724702270890323968'}]}",de,724702270890323968,Twitter for iPhone,"{'retweet_count': 9, 'reply_count': 0, 'like_count': 0, 'quote_count': 0}",,2022-02-18T18:41:45.000Z,1494743961080057861,RT @LBriefarchiv: Heute gibts einen kleinen Spoiler auf unser Poster auf der @dhd2022. Wenn ihr das Poster ganz sehen wollt und euch mit un‚Ä¶
"{'mentions': [{'start': 3, 'end': 16, 'username': 'LBriefarchiv', 'id': '2778343994'}, {'start': 77, 'end': 85, 'username': 'dhd2022', 'id': '724702270890323968'}]}",de,61145089,TweetDeck,"{'retweet_count': 9, 'reply_count': 0, 'like_count': 0, 'quote_count': 0}",,2022-02-18T18:36:56.000Z,1494742748968194060,RT @LBriefarchiv: Heute gibts einen kleinen Spoiler auf unser Poster auf der @dhd2022. Wenn ihr das Poster ganz sehen wollt und euch mit un‚Ä¶
"{'urls': [{'start': 272, 'end': 295, 'url': 'https://t.co/Gk47oXNt3y', 'expanded_url': 'https://twitter.com/LBriefarchiv/status/1494742636112060420/photo/1', 'display_url': 'pic.twitter.com/Gk47oXNt3y'}, {'start': 272, 'end': 295, 'url': 'https://t.co/Gk47oXNt3y', 'expanded_url': 'https://twitter.com/LBriefarchiv/status/1494742636112060420/photo/1', 'display_url': 'pic.twitter.com/Gk47oXNt3y'}, {'start': 272, 'end': 295, 'url': 'https://t.co/Gk47oXNt3y', 'expanded_url': 'https://twitter.com/LBriefarchiv/status/1494742636112060420/photo/1', 'display_url': 'pic.twitter.com/Gk47oXNt3y'}], 'hashtags': [{'start': 209, 'end': 217, 'tag': 'dhd2022'}, {'start': 218, 'end': 221, 'tag': 'DH'}, {'start': 222, 'end': 237, 'tag': 'CitizenScience'}, {'start': 238, 'end': 251, 'tag': 'GrussUndKuss'}, {'start': 252, 'end': 271, 'tag': 'LoveLetterResearch'}], 'mentions': [{'start': 59, 'end': 67, 'username': 'dhd2022', 'id': '724702270890323968'}]}",de,2778343994,TweetDeck,"{'retweet_count': 9, 'reply_count': 0, 'like_count': 22, 'quote_count': 0}",,2022-02-18T18:36:30.000Z,1494742636112060420,"Heute gibts einen kleinen Spoiler auf unser Poster auf der @dhd2022. Wenn ihr das Poster ganz sehen wollt und euch mit uns dar√ºber austauschen, dann k√∂nnt ihr euch noch kostenlos zur (Online-)Tagung anmelden!
#dhd2022 #DH #CitizenScience #GrussUndKuss #LoveLetterResearch https://t.co/Gk47oXNt3y"
"{'hashtags': [{'start': 120, 'end': 127, 'tag': 'TikTok'}, {'start': 155, 'end': 163, 'tag': 'dhd2022'}], 'mentions': [{'start': 0, 'end': 12, 'username': 'Mareike2405', 'id': '250558059'}, {'start': 13, 'end': 21, 'username': 'dhd2022', 'id': '724702270890323968'}, {'start': 176, 'end': 190, 'username': 'torstenroeder', 'id': '74977676'}]}",de,61145089,TweetDeck,"{'retweet_count': 2, 'reply_count': 0, 'like_count': 5, 'quote_count': 0}",250558059.0,2022-02-18T18:14:26.000Z,1494737086372585480,"@Mareike2405 @dhd2022 Ich glaube, es sind einige da dr√ºben auf Instagram... Und einige sogar auf TikTok ;) Und vll wird #TikTok auch eine Rolle auf dieser #dhd2022 spielen 
cc @torstenroeder"
"{'mentions': [{'start': 3, 'end': 15, 'username': 'Mareike2405', 'id': '250558059'}]}",de,934565197423038465,Twitter for Android,"{'retweet_count': 4, 'reply_count': 0, 'like_count': 0, 'quote_count': 0}",,2022-02-18T17:45:07.000Z,1494729706436022278,"RT @Mareike2405: Hier ist ja wahrscheinlich niemand, die/der auch zugleich bei Insta ist - aber falls doch oder wenn Ihr jemanden kennt: di‚Ä¶"
"{'mentions': [{'start': 3, 'end': 15, 'username': 'Mareike2405', 'id': '250558059'}]}",de,61145089,TweetDeck,"{'retweet_count': 4, 'reply_count': 0, 'like_count': 0, 'quote_count': 0}",,2022-02-18T17:29:52.000Z,1494725867884404744,"RT @Mareike2405: Hier ist ja wahrscheinlich niemand, die/der auch zugleich bei Insta ist - aber falls doch oder wenn Ihr jemanden kennt: di‚Ä¶"
"{'hashtags': [{'start': 99, 'end': 107, 'tag': 'DHd2022'}], 'mentions': [{'start': 3, 'end': 11, 'username': 'dhd2022', 'id': '724702270890323968'}]}",de,1167001976518975488,Twitter for iPhone,"{'retweet_count': 7, 'reply_count': 0, 'like_count': 0, 'quote_count': 0}",,2022-02-18T15:59:36.000Z,1494703151596855296,"RT @dhd2022: Ach sch√∂n! Wir freuen uns auch, dass all die Stipendiengeber mitgezogen haben, um ein #DHd2022-Recap-Event f√ºr die Stipendiat*‚Ä¶"
"{'hashtags': [{'start': 99, 'end': 107, 'tag': 'DHd2022'}], 'mentions': [{'start': 3, 'end': 11, 'username': 'dhd2022', 'id': '724702270890323968'}]}",de,250558059,TweetDeck,"{'retweet_count': 7, 'reply_count': 0, 'like_count': 0, 'quote_count': 0}",,2022-02-18T15:11:59.000Z,1494691169879613440,"RT @dhd2022: Ach sch√∂n! Wir freuen uns auch, dass all die Stipendiengeber mitgezogen haben, um ein #DHd2022-Recap-Event f√ºr die Stipendiat*‚Ä¶"
"{'urls': [{'start': 197, 'end': 220, 'url': 'https://t.co/i7Zj3g1ebD', 'expanded_url': 'https://www.instagram.com/dhd_2022/', 'display_url': 'instagram.com/dhd_2022/'}, {'start': 248, 'end': 271, 'url': 'https://t.co/bftMFGwmP8', 'expanded_url': 'https://twitter.com/Mareike2405/status/1494684094554329091/photo/1', 'display_url': 'pic.twitter.com/bftMFGwmP8'}], 'hashtags': [{'start': 239, 'end': 247, 'tag': 'dhd2022'}], 'mentions': [{'start': 150, 'end': 158, 'username': 'dhd2022', 'id': '724702270890323968'}]}",de,250558059,TweetDeck,"{'retweet_count': 4, 'reply_count': 3, 'like_count': 14, 'quote_count': 1}",,2022-02-18T14:43:52.000Z,1494684094554329091,"Hier ist ja wahrscheinlich niemand, die/der auch zugleich bei Insta ist - aber falls doch oder wenn Ihr jemanden kennt: die Reisestipendiat:innen der @dhd2022 haben dr√ºben einen Account er√∂ffnet - https://t.co/i7Zj3g1ebD - bald geht's los #dhd2022 https://t.co/bftMFGwmP8"
"{'hashtags': [{'start': 99, 'end': 107, 'tag': 'DHd2022'}], 'mentions': [{'start': 3, 'end': 11, 'username': 'dhd2022', 'id': '724702270890323968'}]}",de,1463417094549037059,Twitter Web App,"{'retweet_count': 7, 'reply_count': 0, 'like_count': 0, 'quote_count': 0}",,2022-02-18T07:49:26.000Z,1494579798965997568,"RT @dhd2022: Ach sch√∂n! Wir freuen uns auch, dass all die Stipendiengeber mitgezogen haben, um ein #DHd2022-Recap-Event f√ºr die Stipendiat*‚Ä¶"
"{'hashtags': [{'start': 99, 'end': 107, 'tag': 'DHd2022'}], 'mentions': [{'start': 3, 'end': 11, 'username': 'dhd2022', 'id': '724702270890323968'}]}",de,974713914545135616,Twitter for iPhone,"{'retweet_count': 7, 'reply_count': 0, 'like_count': 0, 'quote_count': 0}",,2022-02-18T06:56:00.000Z,1494566353067560996,"RT @dhd2022: Ach sch√∂n! Wir freuen uns auch, dass all die Stipendiengeber mitgezogen haben, um ein #DHd2022-Recap-Event f√ºr die Stipendiat*‚Ä¶"
"{'hashtags': [{'start': 99, 'end': 107, 'tag': 'DHd2022'}], 'mentions': [{'start': 3, 'end': 11, 'username': 'dhd2022', 'id': '724702270890323968'}]}",de,533163305,Twitter Web App,"{'retweet_count': 7, 'reply_count': 0, 'like_count': 0, 'quote_count': 0}",,2022-02-18T06:49:15.000Z,1494564651715244033,"RT @dhd2022: Ach sch√∂n! Wir freuen uns auch, dass all die Stipendiengeber mitgezogen haben, um ein #DHd2022-Recap-Event f√ºr die Stipendiat*‚Ä¶"
"{'hashtags': [{'start': 244, 'end': 252, 'tag': 'dhd2022'}], 'mentions': [{'start': 220, 'end': 234, 'username': 'fabian_cremer', 'id': '872436119081816065'}, {'start': 235, 'end': 243, 'username': 'nubuker', 'id': '964809955'}]}",de,3063951376,Twitter for Android,"{'retweet_count': 0, 'reply_count': 2, 'like_count': 16, 'quote_count': 0}",,2022-02-17T17:54:09.000Z,1494369591069487105,Morgen geht's an die Gestaltung unseres Posters zu den DHd-Abstracts als Forschungs- und Datenpublikation. Achtung Insider: Ein Vorteil hat ja die virtuelle Ausrichtung der Tagung - das Poster kann nicht geklaut werden. @fabian_cremer @nubuker #dhd2022
"{'hashtags': [{'start': 99, 'end': 107, 'tag': 'DHd2022'}], 'mentions': [{'start': 3, 'end': 11, 'username': 'dhd2022', 'id': '724702270890323968'}]}",de,1110781803575549952,Twitter Web App,"{'retweet_count': 7, 'reply_count': 0, 'like_count': 0, 'quote_count': 0}",,2022-02-17T16:13:05.000Z,1494344159586619397,"RT @dhd2022: Ach sch√∂n! Wir freuen uns auch, dass all die Stipendiengeber mitgezogen haben, um ein #DHd2022-Recap-Event f√ºr die Stipendiat*‚Ä¶"
"{'urls': [{'start': 255, 'end': 278, 'url': 'https://t.co/h9dazO0Gtq', 'expanded_url': 'https://twitter.com/thomasS_UniR/status/1494321373635756038', 'display_url': 'twitter.com/thomasS_UniR/s‚Ä¶'}], 'hashtags': [{'start': 86, 'end': 94, 'tag': 'DHd2022'}], 'mentions': [{'start': 172, 'end': 180, 'username': 'DHDInfo', 'id': '533163305'}, {'start': 181, 'end': 194, 'username': 'nfdi4culture', 'id': '1066991160533635072'}, {'start': 195, 'end': 210, 'username': 'HenkelStiftung', 'id': '361110547'}, {'start': 211, 'end': 222, 'username': 'PortalLISA', 'id': '243063184'}, {'start': 223, 'end': 234, 'username': 'unipotsdam', 'id': '237348098'}]}",de,724702270890323968,Twitter Web App,"{'retweet_count': 7, 'reply_count': 0, 'like_count': 17, 'quote_count': 0}",,2022-02-17T15:56:15.000Z,1494339920567013380,"Ach sch√∂n! Wir freuen uns auch, dass all die Stipendiengeber mitgezogen haben, um ein #DHd2022-Recap-Event f√ºr die Stipendiat*innen im Sommer in Potsdam m√∂glich zu machen: @DHDInfo @nfdi4culture @HenkelStiftung @PortalLISA @unipotsdam 
Das wird ein Fest! https://t.co/h9dazO0Gtq"
"{'mentions': [{'start': 3, 'end': 16, 'username': 'thomasS_UniR', 'id': '720219120067821568'}, {'start': 48, 'end': 56, 'username': 'dhd2022', 'id': '724702270890323968'}, {'start': 57, 'end': 65, 'username': 'DHDInfo', 'id': '533163305'}]}",de,533163305,Twitter Web App,"{'retweet_count': 3, 'reply_count': 0, 'like_count': 0, 'quote_count': 0}",,2022-02-17T15:48:37.000Z,1494338000108408838,RT @thomasS_UniR: BTW: Kudos und vielen Dank an @dhd2022 @DHDInfo dass trotz Ausfall der Pr√§senz-Tagung die Stipendien weiter vergeben werd‚Ä¶
"{'urls': [{'start': 106, 'end': 129, 'url': 'https://t.co/mHx8Jp394N', 'expanded_url': 'https://bddy.me/3HXohjT', 'display_url': 'bddy.me/3HXohjT'}, {'start': 130, 'end': 153, 'url': 'https://t.co/eMTY6JafKt', 'expanded_url': 'https://twitter.com/hudsonalpha/status/1494333437049638913/photo/1', 'display_url': 'pic.twitter.com/eMTY6JafKt'}], 'hashtags': [{'start': 97, 'end': 105, 'tag': 'DHD2022'}]}",en,57030951,Salesforce - Social Studio,"{'retweet_count': 0, 'reply_count': 0, 'like_count': 0, 'quote_count': 0}",,2022-02-17T15:30:29.000Z,1494333437049638913,"Less than 50 days üèÉüèª‚Äç‚ôÄÔ∏èüèÉüèª‚Äç‚ôÇÔ∏èüèÉüèæ‚Äç‚ôÇÔ∏è
Registration is now OPEN - join us on the helix April 5, 2022  #DHD2022
https://t.co/mHx8Jp394N https://t.co/eMTY6JafKt"
"{'mentions': [{'start': 3, 'end': 16, 'username': 'thomasS_UniR', 'id': '720219120067821568'}, {'start': 48, 'end': 56, 'username': 'dhd2022', 'id': '724702270890323968'}, {'start': 57, 'end': 65, 'username': 'DHDInfo', 'id': '533163305'}]}",de,987712090071814144,K. White,"{'retweet_count': 3, 'reply_count': 0, 'like_count': 0, 'quote_count': 0}",,2022-02-17T14:56:02.000Z,1494324769696583682,RT @thomasS_UniR: BTW: Kudos und vielen Dank an @dhd2022 @DHDInfo dass trotz Ausfall der Pr√§senz-Tagung die Stipendien weiter vergeben werd‚Ä¶
"{'mentions': [{'start': 3, 'end': 16, 'username': 'thomasS_UniR', 'id': '720219120067821568'}, {'start': 48, 'end': 56, 'username': 'dhd2022', 'id': '724702270890323968'}, {'start': 57, 'end': 65, 'username': 'DHDInfo', 'id': '533163305'}]}",de,1298687874112671751,botlabhd,"{'retweet_count': 3, 'reply_count': 0, 'like_count': 0, 'quote_count': 0}",,2022-02-17T14:42:39.000Z,1494321399074213889,RT @thomasS_UniR: BTW: Kudos und vielen Dank an @dhd2022 @DHDInfo dass trotz Ausfall der Pr√§senz-Tagung die Stipendien weiter vergeben werd‚Ä¶
"{'urls': [{'start': 279, 'end': 302, 'url': 'https://t.co/J4D9Uy93X8', 'expanded_url': 'https://twitter.com/thomasS_UniR/status/1494321373635756038/photo/1', 'display_url': 'pic.twitter.com/J4D9Uy93X8'}], 'hashtags': [{'start': 251, 'end': 259, 'tag': 'DHd2022'}, {'start': 260, 'end': 278, 'tag': 'DigitalHumanities'}], 'mentions': [{'start': 30, 'end': 38, 'username': 'dhd2022', 'id': '724702270890323968'}, {'start': 39, 'end': 47, 'username': 'DHDInfo', 'id': '533163305'}]}",de,720219120067821568,Twitter Web App,"{'retweet_count': 3, 'reply_count': 0, 'like_count': 17, 'quote_count': 1}",,2022-02-17T14:42:33.000Z,1494321373635756038,"BTW: Kudos und vielen Dank an @dhd2022 @DHDInfo dass trotz Ausfall der Pr√§senz-Tagung die Stipendien weiter vergeben werden und eine Alternativveranstaltung (f√ºr die Gewinner) f√ºr den Sommer geplant ist. Gute Sache, die nicht selbstverst√§ndlich ist üëç #DHd2022 #DigitalHumanities https://t.co/J4D9Uy93X8"
"{'urls': [{'start': 143, 'end': 166, 'url': 'https://t.co/Gh64CBGsKB', 'expanded_url': 'http://dhd2022.de/programm-events/07-03-montag/', 'display_url': 'dhd2022.de/programm-event‚Ä¶'}], 'hashtags': [{'start': 43, 'end': 48, 'tag': 'CARE'}, {'start': 77, 'end': 82, 'tag': 'FAIR'}, {'start': 132, 'end': 140, 'tag': 'DHd2022'}], 'mentions': [{'start': 0, 'end': 13, 'username': 'cvila_museum', 'id': '1121664816299433986'}, {'start': 14, 'end': 22, 'username': 'm_munke', 'id': '897492667260702721'}, {'start': 23, 'end': 31, 'username': 'jeb_140', 'id': '103798216'}]}",de,1097837820,Twitter for Android,"{'retweet_count': 0, 'reply_count': 0, 'like_count': 1, 'quote_count': 0}",1.121664816299434e+18,2022-02-17T11:32:05.000Z,1494273444095184904,@cvila_museum @m_munke @jeb_140 Vielleicht #CARE-Principles als Erg√§nzung zu #FAIR-Data? Hierzu gibt's nen Workshop (Nr 1a) bei der #DHd2022 - https://t.co/Gh64CBGsKB
